poem_id,morph_level,alpha_translators,alpha_with_morph,annotators,positions_per_poem,translator_break_marks,morph_break_marks
1,low,1.000000,0.772727,11,5,10,1
2,low,1.000000,0.772727,11,5,10,1
3,low,0.750000,0.680233,11,5,10,2
4,low,1.000000,0.772727,11,5,10,1
5,low,1.000000,1.000000,11,5,10,0
6,low,1.000000,0.772727,11,5,10,0
7,low,1.000000,1.000000,11,5,10,0
8,low,1.000000,1.000000,11,5,10,0
9,low,1.000000,1.000000,11,5,10,0
10,low,1.000000,1.000000,11,5,10,0
11,low,1.000000,1.000000,11,5,10,0
12,low,1.000000,1.000000,11,5,10,0
13,low,1.000000,1.000000,11,5,10,0
14,low,1.000000,0.772727,11,5,10,1
15,low,1.000000,1.000000,11,5,10,0
16,low,1.000000,1.000000,11,5,10,0
17,low,0.469049,0.381783,11,5,11,0
18,low,0.555556,0.409091,11,5,10,1
19,low,0.750000,0.568182,11,5,10,1
20,low,1.000000,0.680233,11,5,10,2
21,low,1.000000,0.772727,11,5,10,1
22,low,0.555556,0.590909,11,5,10,0
23,low,1.000000,0.680233,11,5,10,2
24,low,1.000000,1.000000,11,5,10,0
25,low,0.750000,0.772727,11,5,10,0
26,low,0.750000,0.772727,11,5,10,0
27,low,1.000000,1.000000,11,5,10,0
28,low,1.000000,0.772727,11,5,10,1
29,low,1.000000,1.000000,11,5,10,0
30,low,0.750000,0.590909,11,5,10,0
31,low,1.000000,1.000000,11,5,10,0
32,low,0.333333,0.363636,11,5,10,0
33,low,0.750000,0.590909,11,5,10,0
34,low,0.555556,0.590909,11,5,10,0
35,low,1.000000,1.000000,11,5,10,0
36,low,0.333333,0.318182,11,5,10,0
37,low,0.333333,0.363636,11,5,10,0
38,low,1.000000,0.772727,11,5,10,0
39,low,1.000000,1.000000,11,5,10,0
40,low,1.000000,0.772727,11,5,10,0
41,low,1.000000,0.772727,11,5,10,0
42,low,0.750000,0.680233,11,5,10,2
43,low,1.000000,0.772727,11,5,10,1
44,low,1.000000,1.000000,11,5,10,0
45,low,1.000000,1.000000,11,5,10,0
46,low,1.000000,1.000000,11,5,10,0
47,low,0.750000,0.772727,11,5,10,0
48,low,0.469049,0.381783,11,5,11,0
49,low,0.555556,0.590909,11,5,10,0
50,low,0.220273,0.214286,11,5,12,0
51,low,1.000000,0.680233,11,5,10,2
52,low,0.750000,0.590909,11,5,10,0
53,low,1.000000,1.000000,11,5,10,0
54,low,0.735450,0.560000,11,5,14,0
55,low,0.222222,0.181818,11,5,10,0
56,low,1.000000,1.000000,11,5,10,0
57,low,1.000000,1.000000,11,5,10,0
58,low,0.555556,0.590909,11,5,10,0
59,low,0.555556,0.454545,11,5,10,0
60,low,1.000000,0.772727,11,5,10,1
61,low,0.527778,0.568182,11,5,10,0
62,low,0.750000,0.568182,11,5,10,1
63,low,1.000000,0.772727,11,5,10,0
64,low,0.416667,0.295455,11,5,10,1
65,low,0.361111,0.295455,11,5,10,0
66,low,0.750000,0.590909,11,5,10,0
67,low,0.750000,0.772727,11,5,10,0
68,low,0.555556,0.454545,11,5,10,1
69,low,1.000000,0.680233,11,5,10,2
70,low,1.000000,1.000000,11,5,10,0
71,low,1.000000,0.893411,11,5,10,2
72,low,1.000000,0.772727,11,5,10,1
73,low,0.416667,0.295455,11,5,10,1
74,low,0.650350,0.509690,11,5,11,1
75,low,0.750000,0.772727,11,5,10,0
76,low,0.752426,0.570571,11,5,17,0
77,low,0.805068,0.578397,11,5,12,2
78,low,1.000000,0.772727,11,5,10,1
79,low,0.555556,0.339147,11,5,10,2
80,low,0.555556,0.590909,11,5,10,0
81,low,1.000000,1.000000,11,5,10,0
82,low,0.235949,0.253876,11,5,11,1
83,low,0.750000,0.590909,11,5,10,0
84,low,1.000000,1.000000,11,5,10,0
85,low,1.000000,0.772727,11,5,10,1
86,low,1.000000,0.597070,11,5,10,3
87,low,1.000000,1.000000,11,5,10,0
88,low,0.555556,0.454545,11,5,10,0
89,low,1.000000,0.772727,11,5,10,1
90,low,1.000000,0.772727,11,5,10,1
91,low,0.750000,0.772727,11,5,10,0
92,low,0.750000,0.590909,11,5,10,0
93,low,0.555556,0.454545,11,5,10,0
94,low,0.750000,0.680233,11,5,10,2
95,low,0.750000,0.590909,11,5,10,0
96,low,0.750000,0.590909,11,5,10,0
97,low,0.750000,0.772727,11,5,10,0
98,low,1.000000,1.000000,11,5,10,0
99,low,1.000000,1.000000,11,5,10,0
100,low,1.000000,1.000000,11,5,10,0
101,low,1.000000,1.000000,11,5,10,0
102,low,1.000000,0.772727,11,5,10,1
103,low,1.000000,1.000000,11,5,10,0
104,low,1.000000,0.772727,11,5,10,0
105,low,1.000000,1.000000,11,5,10,0
106,low,1.000000,0.772727,11,5,10,0
107,low,1.000000,1.000000,11,5,10,0
108,low,0.305556,0.318182,11,5,10,1
109,low,0.750000,0.568182,11,5,10,1
110,low,0.650350,0.509690,11,5,11,0
111,low,0.750000,0.590909,11,5,10,0
112,low,0.555556,0.409091,11,5,10,1
113,low,0.750000,0.590909,11,5,10,0
114,low,1.000000,0.772727,11,5,10,0
115,low,1.000000,1.000000,11,5,10,0
116,low,1.000000,1.000000,11,5,10,0
117,low,0.750000,0.772727,11,5,10,0
118,low,1.000000,0.772727,11,5,10,1
119,low,0.171540,0.194139,11,5,12,0
120,low,1.000000,0.680233,11,5,10,2
121,low,0.555556,0.590909,11,5,10,0
122,low,0.750000,0.772727,11,5,10,0
123,low,1.000000,0.772727,11,5,10,0
124,low,0.750000,0.435897,11,5,10,3
125,low,1.000000,0.772727,11,5,10,1
126,low,1.000000,0.772727,11,5,10,1
127,low,1.000000,0.772727,11,5,10,1
128,low,1.000000,1.000000,11,5,10,0
129,low,1.000000,0.772727,11,5,10,1
130,low,0.305556,0.147287,11,5,10,2
131,low,1.000000,0.798535,11,5,10,3
132,low,1.000000,1.000000,11,5,10,0
133,low,1.000000,0.772727,11,5,10,0
134,low,1.000000,1.000000,11,5,10,0
135,low,1.000000,0.680233,11,5,10,2
136,low,1.000000,0.772727,11,5,10,1
137,low,0.333333,0.363636,11,5,10,0
138,low,0.555556,0.454545,11,5,10,0
139,low,1.000000,1.000000,11,5,10,0
140,low,1.000000,0.772727,11,5,10,1
141,low,0.305556,0.318182,11,5,10,1
142,low,1.000000,1.000000,11,5,10,0
143,low,1.000000,0.772727,11,5,10,1
144,low,1.000000,0.680233,11,5,10,2
145,low,0.305556,0.318182,11,5,10,1
146,low,1.000000,0.772727,11,5,10,1
147,low,0.339549,0.296512,11,5,11,1
148,low,1.000000,1.000000,11,5,10,0
149,low,0.333333,0.318182,11,5,10,1
150,low,1.000000,0.772727,11,5,10,1
151,low,0.132349,0.168605,11,5,11,1
152,low,1.000000,0.772727,11,5,10,0
153,low,1.000000,0.772727,11,5,10,1
154,low,0.235949,0.147287,11,5,11,1
155,low,1.000000,0.772727,11,5,10,1
156,low,1.000000,0.772727,11,5,10,1
157,low,1.000000,0.772727,11,5,10,1
158,low,0.305556,0.318182,11,5,10,0
159,low,0.250000,0.168605,11,5,10,2
160,low,0.750000,0.509690,11,5,10,2
161,low,0.555556,0.509690,11,5,10,2
162,low,1.000000,0.772727,11,5,10,1
163,low,0.138889,0.136364,11,5,10,1
164,low,1.000000,0.772727,11,5,10,1
165,low,1.000000,0.772727,11,5,10,1
166,low,1.000000,0.772727,11,5,10,1
167,low,0.305556,0.204545,11,5,10,1
168,low,1.000000,1.000000,11,5,10,0
169,low,1.000000,1.000000,11,5,10,0
170,low,0.750000,0.590909,11,5,10,0
171,low,1.000000,1.000000,11,5,10,0
172,low,0.750000,0.772727,11,5,10,0
173,low,1.000000,1.000000,11,5,10,0
174,low,0.555556,0.454545,11,5,10,1
175,low,0.750000,0.568182,11,5,10,1
176,low,1.000000,0.893411,11,5,10,2
177,low,1.000000,1.000000,11,5,10,0
178,low,1.000000,0.772727,11,5,10,0
179,low,1.000000,1.000000,11,5,10,0
180,low,1.000000,1.000000,11,5,10,0
181,low,1.000000,0.772727,11,5,10,0
182,low,1.000000,1.000000,11,5,10,0
183,low,1.000000,1.000000,11,5,10,0
184,low,1.000000,1.000000,11,5,10,0
185,low,1.000000,1.000000,11,5,10,0
186,low,1.000000,1.000000,11,5,10,0
187,low,0.555556,0.454545,11,5,10,0
188,low,1.000000,1.000000,11,5,10,0
189,low,1.000000,1.000000,11,5,10,0
190,low,1.000000,1.000000,11,5,10,0
191,low,1.000000,1.000000,11,5,10,0
192,low,0.750000,0.590909,11,5,10,0
193,low,0.750000,0.590909,11,5,10,0
194,low,1.000000,1.000000,11,5,10,0
195,low,1.000000,1.000000,11,5,10,0
196,low,0.650350,0.509690,11,5,11,0
197,low,1.000000,1.000000,11,5,10,0
198,low,1.000000,1.000000,11,5,10,0
199,low,0.750000,0.590909,11,5,10,0
200,low,1.000000,1.000000,11,5,10,0
201,low,1.000000,0.772727,11,5,10,0
202,low,1.000000,0.772727,11,5,10,0
203,low,0.750000,0.568182,11,5,10,1
204,low,1.000000,1.000000,11,5,10,0
205,low,0.750000,0.772727,11,5,10,0
206,low,1.000000,1.000000,11,5,10,0
207,low,1.000000,0.772727,11,5,10,1
208,low,1.000000,1.000000,11,5,10,0
209,low,1.000000,0.772727,11,5,10,0
210,low,0.555556,0.409091,11,5,10,1
211,low,0.750000,0.509690,11,5,10,2
212,low,1.000000,1.000000,11,5,10,0
213,low,0.555556,0.409091,11,5,10,1
214,low,0.750000,0.568182,11,5,10,1
215,low,0.750000,0.772727,11,5,10,0
216,low,1.000000,1.000000,11,5,10,0
217,low,1.000000,0.772727,11,5,10,1
218,low,1.000000,0.772727,11,5,10,0
219,low,1.000000,1.000000,11,5,10,0
220,low,0.333333,0.318182,11,5,10,0
221,low,1.000000,0.772727,11,5,10,0
222,low,1.000000,0.772727,11,5,10,1
223,low,1.000000,0.772727,11,5,10,0
224,low,0.555556,0.454545,11,5,10,0
225,low,0.333333,0.318182,11,5,10,0
226,low,0.342105,0.315018,11,5,12,1
227,low,0.750000,0.488372,11,5,10,2
228,low,0.356308,0.292398,11,5,17,2
229,low,1.000000,0.772727,11,5,10,1
230,low,1.000000,0.772727,11,5,10,1
231,low,1.000000,1.000000,11,5,10,1
232,low,1.000000,1.000000,11,5,10,0
233,low,0.555556,0.409091,11,5,10,1
234,low,1.000000,0.772727,11,5,10,1
235,low,0.333333,0.168605,11,5,10,2
236,low,0.750000,0.488372,11,5,10,2
237,low,0.750000,0.568182,11,5,10,1
238,low,1.000000,0.772727,11,5,10,1
239,low,1.000000,0.772727,11,5,10,1
240,low,1.000000,0.772727,11,5,10,1
241,low,1.000000,0.772727,11,5,10,0
242,low,1.000000,0.772727,11,5,10,0
243,low,0.222222,0.181818,11,5,10,1
244,low,1.000000,0.772727,11,5,10,1
245,low,0.333333,0.318182,11,5,10,0
246,low,0.555556,0.454545,11,5,10,0
247,low,0.750000,0.590909,11,5,10,0
248,low,0.750000,0.772727,11,5,10,0
249,low,1.000000,1.000000,11,5,10,0
250,low,0.750000,0.772727,11,5,10,0
251,low,1.000000,0.772727,11,5,10,1
252,low,0.750000,0.590909,11,5,10,0
253,low,1.000000,0.680233,11,5,10,2
254,low,0.333333,0.363636,11,5,10,0
255,low,1.000000,1.000000,11,5,10,0
256,low,1.000000,0.772727,11,5,10,1
257,low,1.000000,0.772727,11,5,10,1
258,low,1.000000,1.000000,11,5,10,0
259,low,1.000000,0.772727,11,5,10,1
260,low,1.000000,0.772727,11,5,10,1
261,low,1.000000,0.772727,11,5,10,1
262,low,1.000000,0.772727,11,5,10,1
263,low,1.000000,1.000000,11,5,10,0
264,low,1.000000,1.000000,11,5,10,0
265,low,1.000000,1.000000,11,5,10,0
266,low,0.750000,0.590909,11,5,10,0
267,low,1.000000,1.000000,11,5,10,0
268,low,0.750000,0.590909,11,5,10,0
269,low,1.000000,1.000000,11,5,10,0
270,low,0.555556,0.590909,11,5,10,1
271,low,0.416667,0.296512,11,5,10,2
272,low,0.650350,0.680233,11,5,11,0
273,low,0.555556,0.409091,11,5,10,1
274,low,1.000000,1.000000,11,5,10,0
275,low,1.000000,0.772727,11,5,10,1
276,low,1.000000,0.772727,11,5,10,1
277,low,0.750000,0.590909,11,5,10,0
278,low,1.000000,1.000000,11,5,10,0
279,low,0.416667,0.454545,11,5,10,1
280,low,1.000000,0.772727,11,5,10,1
281,low,1.000000,0.772727,11,5,10,1
282,low,0.750000,0.680233,11,5,10,2
283,low,1.000000,0.772727,11,5,10,0
284,low,0.750000,0.568182,11,5,10,1
285,low,0.305556,0.318182,11,5,10,1
286,low,1.000000,1.000000,11,5,10,0
287,low,0.555556,0.454545,11,5,10,0
288,low,1.000000,1.000000,11,5,10,0
289,low,1.000000,0.772727,11,5,10,1
290,low,1.000000,1.000000,11,5,10,0
291,low,0.555556,0.454545,11,5,10,0
292,low,1.000000,1.000000,11,5,10,0
293,low,1.000000,1.000000,11,5,10,0
294,low,0.416667,0.381783,11,5,10,2
295,low,0.555556,0.509690,11,5,10,2
296,low,1.000000,0.772727,11,5,10,1
297,low,1.000000,1.000000,11,5,10,0
298,low,1.000000,0.772727,11,5,10,1
299,low,1.000000,0.772727,11,5,10,1
300,low,1.000000,1.000000,11,5,10,0
301,low,1.000000,0.772727,11,5,10,1
302,low,1.000000,1.000000,11,5,10,0
303,low,0.750000,0.772727,11,5,10,0
304,low,0.416667,0.234432,11,5,10,3
305,low,0.555556,0.454545,11,5,10,0
306,low,1.000000,1.000000,11,5,10,0
307,low,1.000000,0.772727,11,5,10,1
308,low,1.000000,1.000000,11,5,10,0
309,low,1.000000,0.772727,11,5,10,0
310,low,0.750000,0.772727,11,5,10,0
311,low,0.555556,0.454545,11,5,10,1
312,low,0.750000,0.568182,11,5,10,1
313,low,0.750000,0.568182,11,5,10,1
314,low,0.555556,0.274725,11,5,10,3
315,low,0.555556,0.454545,11,5,10,0
316,low,1.000000,0.772727,11,5,10,1
317,low,1.000000,0.772727,11,5,10,0
318,low,1.000000,0.772727,11,5,10,0
319,low,1.000000,0.772727,11,5,10,0
320,low,1.000000,0.772727,11,5,10,0
321,low,1.000000,0.680233,11,5,10,2
322,low,1.000000,0.772727,11,5,10,0
323,low,1.000000,1.000000,11,5,10,0
324,low,1.000000,0.772727,11,5,10,1
325,low,0.750000,0.680233,11,5,10,2
326,low,1.000000,0.772727,11,5,10,1
327,low,1.000000,0.772727,11,5,10,1
328,low,1.000000,1.000000,11,5,10,0
329,low,1.000000,1.000000,11,5,10,0
330,low,1.000000,1.000000,11,5,10,0
331,low,1.000000,0.680233,11,5,10,2
332,low,1.000000,0.772727,11,5,10,1
333,low,1.000000,0.680233,11,5,10,2
334,low,1.000000,0.893411,11,5,10,2
335,low,0.305556,0.318182,11,5,10,0
336,low,1.000000,0.772727,11,5,10,1
337,low,1.000000,0.772727,11,5,10,0
338,low,0.750000,0.772727,11,5,10,0
339,low,1.000000,1.000000,11,5,10,0
340,low,1.000000,1.000000,11,5,10,0
341,low,0.555556,0.409091,11,5,10,1
342,low,1.000000,0.772727,11,5,10,1
343,low,0.333333,0.318182,11,5,10,0
344,low,1.000000,1.000000,11,5,10,0
345,low,1.000000,1.000000,11,5,10,0
346,low,0.750000,0.772727,11,5,10,0
347,low,1.000000,0.772727,11,5,10,1
348,low,0.555556,0.454545,11,5,10,0
349,low,0.650350,0.509690,11,5,11,1
350,low,0.750000,0.590909,11,5,10,1
351,low,1.000000,1.000000,11,5,10,0
352,low,1.000000,1.000000,11,5,10,0
353,low,1.000000,0.772727,11,5,10,1
354,low,0.361111,0.409091,11,5,10,0
355,low,0.555556,0.590909,11,5,10,0
356,low,0.750000,0.590909,11,5,10,0
357,low,1.000000,0.772727,11,5,10,1
358,low,0.416667,0.296512,11,5,10,2
359,low,1.000000,0.772727,11,5,10,1
360,low,1.000000,0.772727,11,5,10,1
361,low,0.750000,0.680233,11,5,10,2
362,low,0.555556,0.454545,11,5,10,1
363,low,1.000000,1.000000,11,5,10,0
364,low,1.000000,1.000000,11,5,10,0
365,low,1.000000,0.772727,11,5,10,1
366,low,0.750000,0.509690,11,5,10,2
367,low,1.000000,1.000000,11,5,10,0
368,low,1.000000,1.000000,11,5,10,0
369,low,1.000000,1.000000,11,5,10,0
370,low,0.555556,0.339147,11,5,10,2
371,low,0.750000,0.772727,11,5,10,0
372,low,1.000000,1.000000,11,5,10,0
373,low,1.000000,1.000000,11,5,10,0
374,low,0.750000,0.772727,11,5,10,0
375,low,1.000000,0.772727,11,5,10,1
376,low,1.000000,1.000000,11,5,10,0
377,low,0.537037,0.421053,11,5,18,0
378,low,1.000000,1.000000,11,5,10,0
379,low,1.000000,0.772727,11,5,10,1
380,low,1.000000,1.000000,11,5,10,0
381,low,1.000000,0.772727,11,5,10,1
382,low,0.194444,0.113636,11,5,10,1
383,low,1.000000,0.772727,11,5,10,1
384,low,0.555556,0.274725,11,5,10,3
385,low,0.111111,0.083333,11,5,10,2
386,low,1.000000,1.000000,11,5,10,0
387,low,1.000000,0.772727,11,5,10,1
388,low,0.416667,0.454545,11,5,10,0
389,low,1.000000,1.000000,11,5,10,0
390,low,1.000000,0.772727,11,5,10,0
391,low,1.000000,1.000000,11,5,10,0
392,low,0.750000,0.590909,11,5,10,0
393,low,0.555556,0.454545,11,5,10,0
394,low,0.555556,0.454545,11,5,10,0
395,low,1.000000,0.772727,11,5,10,0
396,low,0.416667,0.295455,11,5,10,1
397,low,1.000000,1.000000,11,5,10,0
398,low,1.000000,0.772727,11,5,10,1
399,low,1.000000,0.772727,11,5,10,0
400,low,1.000000,1.000000,11,5,10,0
401,low,0.750000,0.772727,11,5,10,0
402,low,0.750000,0.590909,11,5,10,0
403,low,0.555556,0.409091,11,5,10,1
404,low,1.000000,1.000000,11,5,10,0
405,low,1.000000,0.772727,11,5,10,1
406,low,1.000000,0.772727,11,5,10,1
407,low,0.555556,0.409091,11,5,10,1
408,low,0.087549,0.065000,11,5,13,2
409,low,1.000000,0.772727,11,5,10,1
410,low,1.000000,0.772727,11,5,10,1
411,low,0.261849,0.189922,11,5,11,1
412,low,0.750000,0.590909,11,5,10,0
413,low,1.000000,0.772727,11,5,10,0
414,low,1.000000,1.000000,11,5,10,0
415,low,1.000000,1.000000,11,5,10,0
416,low,1.000000,0.680233,11,5,10,2
417,low,1.000000,0.597070,11,5,10,3
418,low,0.555556,0.454545,11,5,10,0
419,low,1.000000,1.000000,11,5,10,0
420,low,1.000000,0.597070,11,5,10,3
421,low,1.000000,1.000000,11,5,10,0
422,low,1.000000,0.772727,11,5,10,1
423,low,0.416667,0.295455,11,5,10,1
424,low,1.000000,0.772727,11,5,10,0
425,low,1.000000,0.772727,11,5,10,1
426,low,1.000000,0.772727,11,5,10,0
427,low,1.000000,1.000000,11,5,10,0
428,low,0.416667,0.363636,11,5,10,1
429,low,0.555556,0.409091,11,5,10,1
430,low,1.000000,0.772727,11,5,10,1
431,low,1.000000,1.000000,11,5,10,0
432,low,1.000000,0.772727,11,5,10,1
433,low,1.000000,1.000000,11,5,10,0
434,low,1.000000,1.000000,11,5,10,0
435,low,1.000000,0.772727,11,5,10,1
436,low,0.555556,0.339147,11,5,10,2
437,low,1.000000,1.000000,11,5,10,0
438,low,1.000000,0.772727,11,5,10,1
439,low,1.000000,0.680233,11,5,10,2
440,low,1.000000,0.772727,11,5,10,1
441,low,1.000000,1.000000,11,5,10,0
442,low,1.000000,0.772727,11,5,10,0
443,low,1.000000,0.772727,11,5,10,0
444,low,1.000000,0.772727,11,5,10,0
445,low,1.000000,0.772727,11,5,10,0
446,low,1.000000,0.680233,11,5,10,2
447,low,1.000000,0.772727,11,5,10,1
448,low,1.000000,0.772727,11,5,10,1
449,low,1.000000,0.772727,11,5,10,0
450,low,1.000000,1.000000,11,5,10,0
451,low,0.750000,0.772727,11,5,10,0
452,low,0.333333,0.363636,11,5,10,0
453,low,1.000000,1.000000,11,5,10,0
454,low,0.555556,0.454545,11,5,10,0
455,low,0.613785,0.471471,11,5,17,0
456,low,1.000000,1.000000,11,5,10,0
457,low,1.000000,0.772727,11,5,10,1
458,low,0.750000,0.590909,11,5,10,0
459,low,0.750000,0.680233,11,5,10,2
460,low,0.416667,0.363636,11,5,10,0
461,low,1.000000,1.000000,11,5,10,0
462,low,1.000000,1.000000,11,5,10,0
463,low,1.000000,0.772727,11,5,10,0
464,low,1.000000,0.772727,11,5,10,0
465,low,1.000000,0.680233,11,5,10,2
466,low,0.555556,0.454545,11,5,10,1
467,low,1.000000,1.000000,11,5,10,0
468,low,1.000000,0.772727,11,5,10,1
469,low,0.339549,0.234432,11,5,11,2
470,low,1.000000,0.680233,11,5,10,2
471,low,1.000000,0.680233,11,5,10,2
472,low,1.000000,1.000000,11,5,10,0
473,low,1.000000,0.772727,11,5,10,1
474,low,0.750000,0.568182,11,5,10,1
475,low,0.750000,0.590909,11,5,10,0
476,low,1.000000,0.772727,11,5,10,1
477,low,1.000000,0.772727,11,5,10,0
478,low,1.000000,1.000000,11,5,10,0
479,low,1.000000,0.772727,11,5,10,1
480,low,0.750000,0.772727,11,5,10,0
481,low,1.000000,0.680233,11,5,10,2
482,low,0.555556,0.590909,11,5,10,0
483,low,1.000000,0.772727,11,5,10,1
484,low,0.750000,0.590909,11,5,10,0
485,low,1.000000,0.772727,11,5,10,0
486,low,1.000000,1.000000,11,5,10,0
487,low,1.000000,0.680233,11,5,10,2
488,low,1.000000,0.772727,11,5,10,0
489,low,1.000000,0.680233,11,5,10,2
490,low,0.750000,0.568182,11,5,10,1
491,low,0.555556,0.409091,11,5,10,1
492,low,0.210049,0.125969,11,5,11,1
493,low,0.750000,0.772727,11,5,10,0
494,low,0.750000,0.488372,11,5,10,2
495,low,1.000000,0.772727,11,5,10,1
496,low,0.750000,0.568182,11,5,10,1
497,low,1.000000,0.772727,11,5,10,0
498,low,1.000000,1.000000,11,5,10,0
499,low,0.750000,0.568182,11,5,10,1
500,low,1.000000,1.000000,11,5,10,0
501,low,1.000000,1.000000,11,5,10,0
502,low,1.000000,0.772727,11,5,10,1
503,low,1.000000,0.772727,11,5,10,0
504,low,1.000000,0.772727,11,5,10,0
505,low,1.000000,0.772727,11,5,10,1
506,low,0.416667,0.454545,11,5,10,0
507,low,1.000000,0.772727,11,5,10,0
508,low,1.000000,0.772727,11,5,10,1
509,low,0.750000,0.772727,11,5,10,0
510,low,0.750000,0.568182,11,5,10,1
511,low,1.000000,0.680233,11,5,10,2
512,low,1.000000,0.772727,11,5,10,0
513,low,0.750000,0.772727,11,5,10,0
514,low,0.750000,0.772727,11,5,10,0
515,low,1.000000,1.000000,11,5,10,0
516,low,1.000000,0.772727,11,5,10,0
517,low,1.000000,1.000000,11,5,10,0
518,low,0.416667,0.363636,11,5,10,0
519,low,0.333333,0.168605,11,5,10,2
520,low,0.750000,0.568182,11,5,10,1
521,low,1.000000,0.772727,11,5,10,1
522,low,0.750000,0.568182,11,5,10,1
523,low,0.750000,0.568182,11,5,10,1
524,low,0.555556,0.454545,11,5,10,0
525,low,1.000000,1.000000,11,5,10,0
526,low,1.000000,0.893411,11,5,10,2
527,low,1.000000,0.772727,11,5,10,1
528,low,1.000000,0.772727,11,5,10,0
529,low,1.000000,0.772727,11,5,10,1
530,low,1.000000,1.000000,11,5,10,0
531,low,1.000000,1.000000,11,5,10,0
532,low,0.555556,0.590909,11,5,10,0
533,low,0.750000,0.568182,11,5,10,1
534,low,1.000000,1.000000,11,5,10,0
535,low,1.000000,0.772727,11,5,10,1
536,low,0.555556,0.409091,11,5,10,1
537,low,0.416667,0.363636,11,5,10,1
538,low,0.305556,0.204545,11,5,10,1
539,low,1.000000,1.000000,11,5,10,0
540,low,0.750000,0.590909,11,5,10,0
541,low,1.000000,0.772727,11,5,10,0
542,low,0.750000,0.772727,11,5,10,0
543,low,1.000000,0.772727,11,5,10,1
544,low,0.750000,0.772727,11,5,10,0
545,low,1.000000,0.772727,11,5,10,1
546,low,1.000000,1.000000,11,5,10,0
547,low,1.000000,0.772727,11,5,10,1
548,low,1.000000,1.000000,11,5,10,0
549,low,1.000000,0.893411,11,5,10,2
550,low,1.000000,0.772727,11,5,10,0
551,low,0.361111,0.409091,11,5,10,0
552,low,1.000000,0.772727,11,5,10,0
553,low,1.000000,0.772727,11,5,10,1
554,low,1.000000,0.680233,11,5,10,2
555,low,0.250000,0.227273,11,5,10,0
556,low,0.750000,0.772727,11,5,10,0
557,low,1.000000,0.772727,11,5,10,0
558,low,1.000000,1.000000,11,5,10,0
559,low,1.000000,0.680233,11,5,10,2
560,low,0.305556,0.318182,11,5,10,0
561,low,1.000000,1.000000,11,5,10,0
562,low,1.000000,0.772727,11,5,10,1
563,low,0.750000,0.772727,11,5,10,0
564,low,0.555556,0.590909,11,5,10,0
565,low,0.750000,0.772727,11,5,10,0
566,low,0.750000,0.772727,11,5,10,0
567,low,0.750000,0.772727,11,5,10,0
568,low,1.000000,0.680233,11,5,10,2
569,low,1.000000,1.000000,11,5,10,0
570,low,0.750000,0.568182,11,5,10,1
571,low,1.000000,1.000000,11,5,10,0
572,low,1.000000,0.772727,11,5,10,1
573,low,1.000000,0.772727,11,5,10,1
574,low,1.000000,0.772727,11,5,10,0
575,low,1.000000,0.772727,11,5,10,1
576,low,1.000000,0.772727,11,5,10,1
577,low,0.750000,0.772727,11,5,10,0
578,low,0.138889,0.062016,11,5,10,2
579,low,0.416667,0.173993,11,5,10,3
580,low,1.000000,1.000000,11,5,10,0
581,low,1.000000,0.772727,11,5,10,1
582,low,0.305556,0.204545,11,5,10,1
583,low,0.750000,0.772727,11,5,10,0
584,low,1.000000,1.000000,11,5,10,0
585,low,1.000000,1.000000,11,5,10,0
586,low,1.000000,0.772727,11,5,10,1
587,low,0.555556,0.409091,11,5,10,1
588,low,1.000000,0.680233,11,5,10,2
589,low,1.000000,1.000000,11,5,10,0
590,low,1.000000,0.772727,11,5,10,1
591,low,0.305556,0.318182,11,5,10,0
592,low,0.555556,0.590909,11,5,10,0
593,low,0.750000,0.590909,11,5,10,1
594,low,0.750000,0.509690,11,5,10,2
595,low,0.750000,0.772727,11,5,10,0
596,low,1.000000,1.000000,11,5,10,0
597,low,1.000000,1.000000,11,5,10,0
598,low,1.000000,1.000000,11,5,10,0
599,low,1.000000,1.000000,11,5,10,0
600,low,1.000000,0.772727,11,5,10,1
601,low,0.750000,0.772727,11,5,10,0
602,low,0.750000,0.772727,11,5,10,0
603,low,1.000000,0.772727,11,5,10,0
604,low,0.750000,0.772727,11,5,10,0
605,low,0.527778,0.409091,11,5,10,1
606,low,1.000000,0.772727,11,5,10,0
607,low,1.000000,0.772727,11,5,10,1
608,low,1.000000,0.772727,11,5,10,1
609,low,1.000000,1.000000,11,5,10,0
610,low,1.000000,1.000000,11,5,10,0
611,low,1.000000,0.772727,11,5,10,1
612,low,1.000000,0.772727,11,5,10,0
613,low,0.555556,0.454545,11,5,10,0
614,low,1.000000,0.772727,11,5,10,1
615,low,0.351852,0.352941,11,5,20,1
616,low,1.000000,0.772727,11,5,10,1
617,low,0.333333,0.318182,11,5,10,1
618,low,0.750000,0.568182,11,5,10,1
619,low,0.416667,0.295455,11,5,10,1
620,low,1.000000,1.000000,11,5,10,0
621,low,0.750000,0.772727,11,5,10,0
622,low,0.750000,0.772727,11,5,10,0
623,low,0.750000,0.772727,11,5,10,0
624,low,0.750000,0.568182,11,5,10,1
625,low,0.750000,0.568182,11,5,10,1
626,low,0.750000,0.772727,11,5,10,0
627,low,1.000000,1.000000,11,5,10,0
628,low,0.555556,0.454545,11,5,10,1
629,low,0.305556,0.318182,11,5,10,1
630,low,0.416667,0.363636,11,5,10,1
631,low,0.750000,0.590909,11,5,10,0
632,low,1.000000,1.000000,11,5,10,0
633,low,1.000000,1.000000,11,5,10,0
634,low,0.555556,0.454545,11,5,10,0
635,low,1.000000,0.772727,11,5,10,0
636,low,1.000000,0.772727,11,5,10,0
637,low,0.527778,0.568182,11,5,10,0
638,low,1.000000,1.000000,11,5,10,0
639,low,1.000000,1.000000,11,5,10,0
640,low,1.000000,1.000000,11,5,10,0
641,low,0.305556,0.318182,11,5,10,0
642,low,1.000000,1.000000,11,5,10,0
643,low,1.000000,0.772727,11,5,10,0
644,low,1.000000,1.000000,11,5,10,0
645,low,0.134199,0.073370,11,5,22,0
646,low,0.750000,0.590909,11,5,10,0
647,low,1.000000,1.000000,11,5,10,0
648,low,1.000000,1.000000,11,5,10,0
649,low,0.735450,0.559295,11,5,15,0
650,low,1.000000,1.000000,11,5,10,0
651,low,1.000000,1.000000,11,5,10,0
652,low,1.000000,0.772727,11,5,10,0
653,low,1.000000,1.000000,11,5,10,0
654,low,1.000000,1.000000,11,5,10,0
655,low,1.000000,1.000000,11,5,10,0
656,low,1.000000,0.772727,11,5,10,0
657,low,1.000000,0.772727,11,5,10,0
658,low,1.000000,1.000000,11,5,10,0
659,low,1.000000,1.000000,11,5,10,0
660,low,1.000000,1.000000,11,5,10,0
661,low,0.555556,0.454545,11,5,10,0
662,low,1.000000,1.000000,11,5,10,0
663,low,1.000000,1.000000,11,5,10,0
664,low,1.000000,1.000000,11,5,10,0
665,low,1.000000,1.000000,11,5,10,0
666,low,0.750000,0.590909,11,5,10,0
667,low,0.613785,0.471471,11,5,17,0
668,low,1.000000,1.000000,11,5,10,0
669,low,1.000000,0.772727,11,5,10,0
670,low,1.000000,1.000000,11,5,10,0
671,low,0.333333,0.363636,11,5,10,0
672,low,1.000000,1.000000,11,5,10,0
673,low,0.555556,0.590909,11,5,10,0
674,low,0.416667,0.454545,11,5,10,0
675,low,1.000000,1.000000,11,5,10,0
676,low,0.750000,0.772727,11,5,10,0
677,low,1.000000,1.000000,11,5,10,0
678,low,1.000000,0.772727,11,5,10,0
679,low,1.000000,1.000000,11,5,10,0
680,low,1.000000,1.000000,11,5,10,0
681,low,1.000000,0.772727,11,5,10,0
682,low,0.416667,0.363636,11,5,10,0
683,low,0.555556,0.590909,11,5,10,0
684,low,0.555556,0.590909,11,5,10,0
685,low,0.750000,0.590909,11,5,10,0
686,low,1.000000,1.000000,11,5,10,0
687,low,1.000000,1.000000,11,5,10,0
688,low,1.000000,1.000000,11,5,10,0
689,low,1.000000,1.000000,11,5,10,0
690,low,0.527778,0.568182,11,5,10,0
691,low,1.000000,1.000000,11,5,10,0
692,low,1.000000,0.772727,11,5,10,0
693,low,0.333333,0.318182,11,5,10,0
694,low,0.555556,0.590909,11,5,10,0
695,low,0.544974,0.418269,11,5,15,0
696,low,0.333333,0.363636,11,5,10,0
697,low,0.750000,0.772727,11,5,10,0
698,low,1.000000,0.772727,11,5,10,0
699,low,1.000000,1.000000,11,5,10,0
700,low,1.000000,0.772727,11,5,10,0
701,low,1.000000,1.000000,11,5,10,0
702,low,1.000000,1.000000,11,5,10,0
703,low,1.000000,1.000000,11,5,10,0
704,low,0.750000,0.772727,11,5,10,0
705,low,0.750000,0.772727,11,5,10,0
706,low,1.000000,1.000000,11,5,10,0
707,low,0.555556,0.590909,11,5,10,0
708,low,1.000000,1.000000,11,5,10,0
709,low,0.750000,0.772727,11,5,10,0
710,low,1.000000,1.000000,11,5,10,0
711,low,1.000000,0.772727,11,5,10,0
712,low,1.000000,1.000000,11,5,10,0
713,low,1.000000,1.000000,11,5,10,0
714,low,0.555556,0.590909,11,5,10,0
715,low,1.000000,0.772727,11,5,10,0
716,low,1.000000,1.000000,11,5,10,0
717,low,1.000000,0.772727,11,5,10,0
718,low,1.000000,1.000000,11,5,10,0
719,low,0.291005,0.241987,11,5,15,0
720,low,1.000000,1.000000,11,5,10,0
721,low,0.305556,0.318182,11,5,10,0
722,low,1.000000,0.772727,11,5,10,0
723,low,1.000000,1.000000,11,5,10,0
724,low,1.000000,1.000000,11,5,10,0
725,low,0.416667,0.454545,11,5,10,0
726,low,0.555556,0.454545,11,5,10,0
727,low,0.750000,0.772727,11,5,10,0
728,low,1.000000,1.000000,11,5,10,0
729,low,1.000000,1.000000,11,5,10,0
730,low,0.555556,0.590909,11,5,10,0
731,low,0.333333,0.318182,11,5,10,0
732,low,0.750000,0.772727,11,5,10,0
733,low,0.750000,0.772727,11,5,10,0
734,low,0.750000,0.590909,11,5,10,0
735,low,1.000000,1.000000,11,5,10,0
736,low,0.750000,0.590909,11,5,10,0
737,low,1.000000,1.000000,11,5,10,0
738,low,0.750000,0.590909,11,5,10,0
739,low,0.650350,0.509690,11,5,11,0
740,low,1.000000,1.000000,11,5,10,0
741,low,1.000000,1.000000,11,5,10,0
742,low,1.000000,1.000000,11,5,10,0
743,low,0.750000,0.590909,11,5,10,0
744,low,0.750000,0.590909,11,5,10,0
745,low,0.305556,0.318182,11,5,10,0
746,low,1.000000,0.772727,11,5,10,0
747,low,0.613785,0.471471,11,5,17,0
748,low,0.305556,0.318182,11,5,10,0
749,low,1.000000,0.772727,11,5,10,0
750,low,1.000000,0.772727,11,5,10,0
751,low,1.000000,1.000000,11,5,10,0
752,low,1.000000,1.000000,11,5,10,0
753,low,0.416667,0.363636,11,5,10,0
754,low,0.333333,0.363636,11,5,10,0
755,low,1.000000,1.000000,11,5,10,0
756,low,1.000000,1.000000,11,5,10,0
757,low,0.750000,0.772727,11,5,10,0
758,low,0.555556,0.590909,11,5,10,0
759,low,0.750000,0.772727,11,5,10,0
760,low,0.416667,0.363636,11,5,10,0
761,low,0.555556,0.590909,11,5,10,0
762,low,1.000000,1.000000,11,5,10,0
763,low,1.000000,1.000000,11,5,10,0
764,low,1.000000,1.000000,11,5,10,0
765,low,0.555556,0.454545,11,5,10,0
766,low,0.750000,0.772727,11,5,10,0
767,low,0.750000,0.772727,11,5,10,0
768,low,1.000000,0.772727,11,5,10,0
769,low,1.000000,1.000000,11,5,10,0
770,low,0.750000,0.590909,11,5,10,0
771,low,1.000000,1.000000,11,5,10,0
772,low,1.000000,1.000000,11,5,10,0
773,low,1.000000,0.772727,11,5,10,0
774,low,1.000000,1.000000,11,5,10,0
775,low,0.672068,0.517544,11,5,18,0
776,low,1.000000,0.772727,11,5,10,0
777,low,1.000000,1.000000,11,5,10,0
778,low,0.750000,0.590909,11,5,10,0
779,low,1.000000,0.772727,11,5,10,0
780,low,0.555556,0.454545,11,5,10,0
781,low,0.333333,0.363636,11,5,10,0
782,low,0.750000,0.772727,11,5,10,0
783,low,1.000000,1.000000,11,5,10,0
784,low,0.750000,0.590909,11,5,10,0
785,low,1.000000,1.000000,11,5,10,0
786,low,1.000000,1.000000,11,5,10,0
787,low,1.000000,1.000000,11,5,10,0
788,low,1.000000,1.000000,11,5,10,0
789,low,1.000000,0.772727,11,5,10,0
790,low,0.555556,0.454545,11,5,10,0
791,low,1.000000,1.000000,11,5,10,0
792,low,1.000000,1.000000,11,5,10,0
793,low,1.000000,1.000000,11,5,10,0
794,low,1.000000,1.000000,11,5,10,0
795,low,1.000000,1.000000,11,5,10,0
796,low,0.750000,0.590909,11,5,10,0
797,low,1.000000,1.000000,11,5,10,0
798,low,0.750000,0.590909,11,5,10,0
799,low,0.750000,0.590909,11,5,10,0
800,low,1.000000,1.000000,11,5,10,0
801,low,1.000000,1.000000,11,5,10,0
802,low,1.000000,1.000000,11,5,10,0
803,low,1.000000,1.000000,11,5,10,0
804,low,0.416667,0.363636,11,5,10,0
805,low,1.000000,1.000000,11,5,10,0
806,low,1.000000,1.000000,11,5,10,0
807,low,1.000000,1.000000,11,5,10,0
808,low,0.416667,0.454545,11,5,10,0
809,low,1.000000,1.000000,11,5,10,0
810,low,1.000000,1.000000,11,5,10,0
811,low,0.750000,0.590909,11,5,10,0
812,low,1.000000,1.000000,11,5,10,0
813,low,1.000000,1.000000,11,5,10,0
814,low,0.555556,0.454545,11,5,10,0
815,low,1.000000,1.000000,11,5,10,0
816,low,1.000000,1.000000,11,5,10,0
817,low,1.000000,1.000000,11,5,10,0
818,low,0.750000,0.772727,11,5,10,0
819,low,0.750000,0.772727,11,5,10,0
820,low,0.750000,0.772727,11,5,10,0
821,low,1.000000,1.000000,11,5,10,0
822,low,0.750000,0.590909,11,5,10,0
823,low,1.000000,1.000000,11,5,10,0
824,low,0.333333,0.363636,11,5,10,0
825,low,1.000000,1.000000,11,5,10,0
826,low,1.000000,1.000000,11,5,10,0
827,low,0.750000,0.590909,11,5,10,0
828,low,0.555556,0.590909,11,5,10,0
829,low,0.750000,0.590909,11,5,10,0
830,low,0.555556,0.454545,11,5,10,0
831,low,0.750000,0.590909,11,5,10,0
832,low,1.000000,1.000000,11,5,10,0
833,low,1.000000,0.772727,11,5,10,0
834,low,1.000000,0.772727,11,5,10,0
835,low,1.000000,0.772727,11,5,10,0
836,low,1.000000,0.772727,11,5,10,0
837,low,0.750000,0.772727,11,5,10,0
838,low,1.000000,1.000000,11,5,10,0
839,low,1.000000,0.772727,11,5,10,0
840,low,1.000000,1.000000,11,5,10,0
841,low,1.000000,1.000000,11,5,10,0
842,low,0.750000,0.772727,11,5,10,0
843,low,0.333333,0.318182,11,5,10,0
844,low,0.750000,0.772727,11,5,10,0
845,low,1.000000,1.000000,11,5,10,0
846,low,1.000000,1.000000,11,5,10,0
847,low,0.750000,0.590909,11,5,10,0
848,low,1.000000,0.772727,11,5,10,0
849,low,1.000000,1.000000,11,5,10,0
850,low,1.000000,0.772727,11,5,10,0
851,low,1.000000,1.000000,11,5,10,0
852,low,1.000000,1.000000,11,5,10,0
853,low,1.000000,1.000000,11,5,10,0
854,low,0.750000,0.590909,11,5,10,0
855,low,1.000000,1.000000,11,5,10,0
856,low,1.000000,0.772727,11,5,10,0
857,low,1.000000,1.000000,11,5,10,0
858,low,1.000000,1.000000,11,5,10,0
859,low,1.000000,1.000000,11,5,10,0
860,low,1.000000,0.772727,11,5,10,0
861,low,1.000000,1.000000,11,5,10,0
862,low,1.000000,0.772727,11,5,10,0
863,low,0.750000,0.590909,11,5,10,0
864,low,1.000000,1.000000,11,5,10,0
865,low,1.000000,0.772727,11,5,10,0
866,low,1.000000,1.000000,11,5,10,0
867,low,1.000000,1.000000,11,5,10,0
868,low,1.000000,1.000000,11,5,10,0
869,low,0.750000,0.590909,11,5,10,0
870,low,1.000000,1.000000,11,5,10,0
871,low,1.000000,1.000000,11,5,10,0
872,low,1.000000,0.772727,11,5,10,0
873,low,0.261849,0.253876,11,5,11,0
874,low,0.555556,0.454545,11,5,10,0
875,low,1.000000,1.000000,11,5,10,0
876,low,1.000000,1.000000,11,5,10,0
877,low,0.750000,0.590909,11,5,10,0
878,low,0.750000,0.590909,11,5,10,0
879,low,0.555556,0.454545,11,5,10,0
880,low,0.750000,0.590909,11,5,10,0
881,low,1.000000,1.000000,11,5,10,0
882,low,1.000000,1.000000,11,5,10,0
883,low,0.750000,0.772727,11,5,10,0
884,low,1.000000,0.772727,11,5,10,0
885,low,1.000000,1.000000,11,5,10,0
886,low,0.750000,0.772727,11,5,10,0
887,low,1.000000,1.000000,11,5,10,0
888,low,1.000000,1.000000,11,5,10,0
889,low,1.000000,1.000000,11,5,10,0
890,low,1.000000,1.000000,11,5,10,0
891,low,0.416667,0.454545,11,5,10,0
892,low,1.000000,1.000000,11,5,10,0
893,low,1.000000,1.000000,11,5,10,0
894,low,1.000000,1.000000,11,5,10,0
895,low,1.000000,1.000000,11,5,10,0
896,low,0.555556,0.454545,11,5,10,0
897,low,1.000000,1.000000,11,5,10,0
898,low,0.544974,0.418269,11,5,15,0
899,low,0.750000,0.590909,11,5,10,0
900,low,0.555556,0.590909,11,5,10,0
901,low,0.555556,0.454545,11,5,10,0
902,low,0.416667,0.454545,11,5,10,0
903,low,1.000000,0.772727,11,5,10,0
904,low,0.585770,0.456044,11,5,12,0
905,low,0.555556,0.454545,11,5,10,0
906,low,1.000000,1.000000,11,5,10,0
907,low,1.000000,1.000000,11,5,10,0
908,low,0.750000,0.590909,11,5,10,0
909,low,0.555556,0.454545,11,5,10,0
910,low,0.416667,0.454545,11,5,10,0
911,low,1.000000,1.000000,11,5,10,0
912,low,0.750000,0.772727,11,5,10,0
913,low,0.750000,0.590909,11,5,10,0
914,low,0.750000,0.772727,11,5,10,0
915,low,1.000000,1.000000,11,5,10,0
916,low,1.000000,1.000000,11,5,10,0
917,low,0.750000,0.590909,11,5,10,0
918,low,1.000000,1.000000,11,5,10,0
919,low,1.000000,1.000000,11,5,10,0
920,low,1.000000,1.000000,11,5,10,0
921,low,1.000000,1.000000,11,5,10,0
922,low,1.000000,1.000000,11,5,10,0
923,low,0.593979,0.454955,11,5,17,0
924,low,0.333333,0.318182,11,5,10,0
925,low,0.750000,0.772727,11,5,10,0
926,low,1.000000,1.000000,11,5,10,0
927,low,1.000000,1.000000,11,5,10,0
928,low,1.000000,0.772727,11,5,10,0
929,low,1.000000,1.000000,11,5,10,0
930,low,0.333333,0.363636,11,5,10,0
931,low,0.333333,0.363636,11,5,10,0
932,low,1.000000,1.000000,11,5,10,0
933,low,1.000000,0.772727,11,5,10,0
934,low,1.000000,1.000000,11,5,10,0
935,low,0.555556,0.590909,11,5,10,0
936,low,0.295449,0.233449,11,5,13,0
937,low,1.000000,1.000000,11,5,10,0
938,low,1.000000,1.000000,11,5,10,0
939,low,1.000000,1.000000,11,5,10,0
940,low,1.000000,1.000000,11,5,10,0
941,low,1.000000,1.000000,11,5,10,0
942,low,0.745331,0.575714,11,5,19,0
943,low,0.469049,0.381783,11,5,11,0
944,low,1.000000,1.000000,11,5,10,0
945,low,1.000000,1.000000,11,5,10,0
946,low,0.754902,0.574303,11,5,16,0
947,low,0.750000,0.590909,11,5,10,0
948,low,0.416667,0.363636,11,5,10,0
949,low,0.750000,0.772727,11,5,10,0
950,low,1.000000,0.772727,11,5,10,0
951,low,1.000000,0.772727,11,5,10,0
952,low,1.000000,1.000000,11,5,10,0
953,low,1.000000,0.772727,11,5,10,0
954,low,1.000000,0.772727,11,5,10,0
955,low,1.000000,1.000000,11,5,10,0
956,low,1.000000,1.000000,11,5,10,0
957,low,1.000000,0.772727,11,5,10,0
958,low,1.000000,1.000000,11,5,10,0
959,low,1.000000,1.000000,11,5,10,0
960,low,1.000000,1.000000,11,5,10,0
961,low,1.000000,0.772727,11,5,10,0
962,low,1.000000,1.000000,11,5,10,0
963,low,1.000000,0.772727,11,5,10,0
964,low,1.000000,1.000000,11,5,10,0
965,low,1.000000,1.000000,11,5,10,0
966,low,0.555556,0.454545,11,5,10,0
967,low,1.000000,1.000000,11,5,10,0
968,low,1.000000,1.000000,11,5,10,0
969,low,1.000000,0.772727,11,5,10,0
970,low,0.750000,0.590909,11,5,10,0
971,low,1.000000,1.000000,11,5,10,0
972,low,1.000000,0.772727,11,5,10,0
973,low,1.000000,1.000000,11,5,10,0
974,low,1.000000,0.772727,11,5,10,0
975,low,1.000000,0.772727,11,5,10,0
976,low,0.333333,0.363636,11,5,10,0
977,low,1.000000,0.772727,11,5,10,0
978,low,0.750000,0.590909,11,5,10,0
979,low,1.000000,1.000000,11,5,10,0
980,low,1.000000,1.000000,11,5,10,0
981,low,0.750000,0.590909,11,5,10,0
982,low,0.750000,0.590909,11,5,10,0
983,low,0.415205,0.335165,11,5,12,0
984,low,0.613785,0.471471,11,5,17,0
985,low,1.000000,1.000000,11,5,10,0
986,low,1.000000,1.000000,11,5,10,0
987,low,1.000000,0.772727,11,5,10,0
988,low,1.000000,1.000000,11,5,10,0
989,low,1.000000,1.000000,11,5,10,0
990,low,1.000000,1.000000,11,5,10,0
991,low,1.000000,0.772727,11,5,10,0
992,low,0.555556,0.454545,11,5,10,0
993,low,1.000000,1.000000,11,5,10,0
994,low,0.750000,0.772727,11,5,10,0
995,low,0.305556,0.318182,11,5,10,0
996,low,1.000000,1.000000,11,5,10,0
997,low,1.000000,1.000000,11,5,10,0
998,low,1.000000,1.000000,11,5,10,0
999,low,1.000000,1.000000,11,5,10,0
1000,low,1.000000,1.000000,11,5,10,0
1,medium,1.000000,0.772727,11,5,10,0
2,medium,1.000000,1.000000,11,5,10,0
3,medium,0.750000,0.590909,11,5,10,0
4,medium,1.000000,0.772727,11,5,10,0
5,medium,1.000000,1.000000,11,5,10,0
6,medium,1.000000,0.772727,11,5,10,0
7,medium,1.000000,1.000000,11,5,10,0
8,medium,1.000000,1.000000,11,5,10,0
9,medium,1.000000,0.772727,11,5,10,1
10,medium,1.000000,0.772727,11,5,10,1
11,medium,1.000000,0.680233,11,5,10,2
12,medium,1.000000,0.772727,11,5,10,1
13,medium,1.000000,0.772727,11,5,10,1
14,medium,1.000000,0.772727,11,5,10,1
15,medium,1.000000,0.772727,11,5,10,1
16,medium,1.000000,1.000000,11,5,10,0
17,medium,0.469049,0.339147,11,5,11,1
18,medium,0.555556,0.454545,11,5,10,0
19,medium,0.750000,0.568182,11,5,10,1
20,medium,1.000000,0.772727,11,5,10,0
21,medium,1.000000,1.000000,11,5,10,0
22,medium,0.555556,0.454545,11,5,10,1
23,medium,1.000000,0.772727,11,5,10,1
24,medium,1.000000,0.772727,11,5,10,1
25,medium,0.750000,0.772727,11,5,10,0
26,medium,0.750000,0.772727,11,5,10,0
27,medium,1.000000,1.000000,11,5,10,0
28,medium,1.000000,0.680233,11,5,10,2
29,medium,1.000000,0.772727,11,5,10,1
30,medium,0.750000,0.590909,11,5,10,0
31,medium,1.000000,1.000000,11,5,10,0
32,medium,0.333333,0.363636,11,5,10,0
33,medium,0.750000,0.568182,11,5,10,1
34,medium,0.555556,0.590909,11,5,10,0
35,medium,1.000000,1.000000,11,5,10,0
36,medium,0.333333,0.318182,11,5,10,0
37,medium,0.333333,0.363636,11,5,10,0
38,medium,1.000000,0.772727,11,5,10,0
39,medium,1.000000,1.000000,11,5,10,0
40,medium,1.000000,0.772727,11,5,10,0
41,medium,1.000000,0.772727,11,5,10,0
42,medium,0.750000,0.568182,11,5,10,1
43,medium,1.000000,1.000000,11,5,10,0
44,medium,1.000000,0.680233,11,5,10,2
45,medium,1.000000,1.000000,11,5,10,0
46,medium,1.000000,1.000000,11,5,10,0
47,medium,0.750000,0.772727,11,5,10,0
48,medium,0.469049,0.381783,11,5,11,0
49,medium,0.555556,0.590909,11,5,10,0
50,medium,0.220273,0.214286,11,5,12,0
51,medium,1.000000,0.772727,11,5,10,1
52,medium,0.750000,0.590909,11,5,10,0
53,medium,1.000000,1.000000,11,5,10,0
54,medium,0.735450,0.560000,11,5,14,0
55,medium,0.222222,0.181818,11,5,10,0
56,medium,1.000000,1.000000,11,5,10,0
57,medium,1.000000,1.000000,11,5,10,0
58,medium,0.555556,0.590909,11,5,10,0
59,medium,0.555556,0.454545,11,5,10,0
60,medium,1.000000,0.772727,11,5,10,1
61,medium,0.527778,0.568182,11,5,10,0
62,medium,0.750000,0.772727,11,5,10,0
63,medium,1.000000,0.772727,11,5,10,0
64,medium,0.416667,0.454545,11,5,10,0
65,medium,0.361111,0.295455,11,5,10,0
66,medium,0.750000,0.590909,11,5,10,0
67,medium,0.750000,0.509690,11,5,10,2
68,medium,0.555556,0.409091,11,5,10,1
69,medium,1.000000,0.772727,11,5,10,1
70,medium,1.000000,1.000000,11,5,10,0
71,medium,1.000000,0.772727,11,5,10,0
72,medium,1.000000,0.772727,11,5,10,0
73,medium,0.416667,0.454545,11,5,10,1
74,medium,0.650350,0.509690,11,5,11,0
75,medium,0.750000,0.590909,11,5,10,1
76,medium,0.752426,0.570571,11,5,17,0
77,medium,0.805068,0.617216,11,5,12,0
78,medium,1.000000,1.000000,11,5,10,0
79,medium,0.555556,0.409091,11,5,10,1
80,medium,0.555556,0.339147,11,5,10,2
81,medium,1.000000,0.772727,11,5,10,1
82,medium,0.235949,0.168605,11,5,11,0
83,medium,0.750000,0.590909,11,5,10,0
84,medium,1.000000,1.000000,11,5,10,0
85,medium,1.000000,0.680233,11,5,10,2
86,medium,1.000000,0.772727,11,5,10,1
87,medium,1.000000,1.000000,11,5,10,0
88,medium,0.555556,0.454545,11,5,10,0
89,medium,1.000000,0.772727,11,5,10,1
90,medium,1.000000,0.772727,11,5,10,1
91,medium,0.750000,0.488372,11,5,10,2
92,medium,0.750000,0.590909,11,5,10,0
93,medium,0.555556,0.454545,11,5,10,0
94,medium,0.750000,0.568182,11,5,10,1
95,medium,0.750000,0.568182,11,5,10,1
96,medium,0.750000,0.488372,11,5,10,2
97,medium,0.750000,0.772727,11,5,10,0
98,medium,1.000000,1.000000,11,5,10,0
99,medium,1.000000,0.772727,11,5,10,1
100,medium,1.000000,1.000000,11,5,10,0
101,medium,1.000000,1.000000,11,5,10,0
102,medium,1.000000,0.772727,11,5,10,1
103,medium,1.000000,1.000000,11,5,10,0
104,medium,1.000000,0.772727,11,5,10,0
105,medium,1.000000,1.000000,11,5,10,0
106,medium,1.000000,0.772727,11,5,10,0
107,medium,1.000000,1.000000,11,5,10,0
108,medium,0.305556,0.318182,11,5,10,0
109,medium,0.750000,0.772727,11,5,10,0
110,medium,0.650350,0.509690,11,5,11,0
111,medium,0.750000,0.590909,11,5,10,0
112,medium,0.555556,0.454545,11,5,10,0
113,medium,0.750000,0.568182,11,5,10,1
114,medium,1.000000,0.772727,11,5,10,0
115,medium,1.000000,1.000000,11,5,10,0
116,medium,1.000000,1.000000,11,5,10,0
117,medium,0.750000,0.509690,11,5,10,2
118,medium,1.000000,1.000000,11,5,10,0
119,medium,0.171540,0.194139,11,5,12,0
120,medium,1.000000,1.000000,11,5,10,0
121,medium,0.555556,0.590909,11,5,10,0
122,medium,0.750000,0.772727,11,5,10,0
123,medium,1.000000,0.772727,11,5,10,0
124,medium,0.750000,0.772727,11,5,10,0
125,medium,1.000000,0.772727,11,5,10,0
126,medium,1.000000,1.000000,11,5,10,0
127,medium,1.000000,0.772727,11,5,10,1
128,medium,1.000000,1.000000,11,5,10,0
129,medium,1.000000,0.772727,11,5,10,1
130,medium,0.305556,0.204545,11,5,10,1
131,medium,1.000000,0.772727,11,5,10,0
132,medium,1.000000,0.772727,11,5,10,1
133,medium,1.000000,0.680233,11,5,10,2
134,medium,1.000000,1.000000,11,5,10,0
135,medium,1.000000,0.772727,11,5,10,0
136,medium,1.000000,0.772727,11,5,10,1
137,medium,0.333333,0.363636,11,5,10,0
138,medium,0.555556,0.454545,11,5,10,0
139,medium,1.000000,1.000000,11,5,10,0
140,medium,1.000000,0.772727,11,5,10,0
141,medium,0.305556,0.318182,11,5,10,0
142,medium,1.000000,1.000000,11,5,10,0
143,medium,1.000000,1.000000,11,5,10,0
144,medium,1.000000,0.772727,11,5,10,1
145,medium,0.305556,0.318182,11,5,10,0
146,medium,1.000000,0.772727,11,5,10,1
147,medium,0.339549,0.381783,11,5,11,0
148,medium,1.000000,1.000000,11,5,10,0
149,medium,0.333333,0.363636,11,5,10,0
150,medium,1.000000,1.000000,11,5,10,0
151,medium,0.132349,0.062016,11,5,11,1
152,medium,1.000000,0.772727,11,5,10,0
153,medium,1.000000,1.000000,11,5,10,0
154,medium,0.235949,0.147287,11,5,11,1
155,medium,1.000000,0.772727,11,5,10,1
156,medium,1.000000,1.000000,11,5,10,0
157,medium,1.000000,1.000000,11,5,10,0
158,medium,0.305556,0.204545,11,5,10,1
159,medium,0.250000,0.181818,11,5,10,1
160,medium,0.750000,0.568182,11,5,10,1
161,medium,0.555556,0.409091,11,5,10,1
162,medium,1.000000,1.000000,11,5,10,0
163,medium,0.138889,0.019380,11,5,10,2
164,medium,1.000000,1.000000,11,5,10,0
165,medium,1.000000,1.000000,11,5,10,0
166,medium,1.000000,0.772727,11,5,10,1
167,medium,0.305556,0.318182,11,5,10,0
168,medium,1.000000,0.772727,11,5,10,1
169,medium,1.000000,0.680233,11,5,10,2
170,medium,0.750000,0.680233,11,5,10,2
171,medium,1.000000,1.000000,11,5,10,0
172,medium,0.750000,0.568182,11,5,10,1
173,medium,1.000000,1.000000,11,5,10,0
174,medium,0.555556,0.590909,11,5,10,0
175,medium,0.750000,0.590909,11,5,10,1
176,medium,1.000000,0.772727,11,5,10,0
177,medium,1.000000,1.000000,11,5,10,0
178,medium,1.000000,0.772727,11,5,10,0
179,medium,1.000000,1.000000,11,5,10,0
180,medium,1.000000,1.000000,11,5,10,0
181,medium,1.000000,0.772727,11,5,10,0
182,medium,1.000000,1.000000,11,5,10,0
183,medium,1.000000,1.000000,11,5,10,0
184,medium,1.000000,1.000000,11,5,10,0
185,medium,1.000000,1.000000,11,5,10,0
186,medium,1.000000,1.000000,11,5,10,0
187,medium,0.555556,0.454545,11,5,10,0
188,medium,1.000000,1.000000,11,5,10,0
189,medium,1.000000,1.000000,11,5,10,0
190,medium,1.000000,1.000000,11,5,10,0
191,medium,1.000000,1.000000,11,5,10,0
192,medium,0.750000,0.590909,11,5,10,0
193,medium,0.750000,0.590909,11,5,10,0
194,medium,1.000000,1.000000,11,5,10,0
195,medium,1.000000,1.000000,11,5,10,0
196,medium,0.650350,0.509690,11,5,11,0
197,medium,1.000000,1.000000,11,5,10,0
198,medium,1.000000,1.000000,11,5,10,0
199,medium,0.750000,0.590909,11,5,10,0
200,medium,1.000000,1.000000,11,5,10,0
201,medium,1.000000,0.772727,11,5,10,0
202,medium,1.000000,0.772727,11,5,10,0
203,medium,0.750000,0.772727,11,5,10,0
204,medium,1.000000,1.000000,11,5,10,0
205,medium,0.750000,0.590909,11,5,10,1
206,medium,1.000000,1.000000,11,5,10,0
207,medium,1.000000,0.772727,11,5,10,1
208,medium,1.000000,1.000000,11,5,10,0
209,medium,1.000000,0.680233,11,5,10,2
210,medium,0.555556,0.409091,11,5,10,1
211,medium,0.750000,0.568182,11,5,10,1
212,medium,1.000000,1.000000,11,5,10,0
213,medium,0.555556,0.590909,11,5,10,0
214,medium,0.750000,0.568182,11,5,10,1
215,medium,0.750000,0.590909,11,5,10,1
216,medium,1.000000,1.000000,11,5,10,0
217,medium,1.000000,1.000000,11,5,10,0
218,medium,1.000000,0.772727,11,5,10,1
219,medium,1.000000,0.772727,11,5,10,1
220,medium,0.333333,0.227273,11,5,10,1
221,medium,1.000000,0.772727,11,5,10,1
222,medium,1.000000,0.772727,11,5,10,1
223,medium,1.000000,0.772727,11,5,10,0
224,medium,0.555556,0.454545,11,5,10,0
225,medium,0.333333,0.296512,11,5,10,2
226,medium,0.342105,0.375458,11,5,12,1
227,medium,0.750000,0.568182,11,5,10,1
228,medium,0.356308,0.273273,11,5,17,0
229,medium,1.000000,1.000000,11,5,10,0
230,medium,1.000000,1.000000,11,5,10,0
231,medium,1.000000,0.772727,11,5,10,0
232,medium,1.000000,1.000000,11,5,10,0
233,medium,0.555556,0.454545,11,5,10,0
234,medium,1.000000,0.772727,11,5,10,1
235,medium,0.333333,0.318182,11,5,10,0
236,medium,0.750000,0.590909,11,5,10,1
237,medium,0.750000,0.568182,11,5,10,1
238,medium,1.000000,0.772727,11,5,10,0
239,medium,1.000000,0.772727,11,5,10,1
240,medium,1.000000,1.000000,11,5,10,1
241,medium,1.000000,0.772727,11,5,10,0
242,medium,1.000000,0.772727,11,5,10,0
243,medium,0.222222,0.272727,11,5,10,1
244,medium,1.000000,0.772727,11,5,10,1
245,medium,0.333333,0.318182,11,5,10,0
246,medium,0.555556,0.454545,11,5,10,0
247,medium,0.750000,0.568182,11,5,10,1
248,medium,0.750000,0.509690,11,5,10,2
249,medium,1.000000,1.000000,11,5,10,0
250,medium,0.750000,0.435897,11,5,10,3
251,medium,1.000000,0.772727,11,5,10,1
252,medium,0.750000,0.568182,11,5,10,1
253,medium,1.000000,1.000000,11,5,10,0
254,medium,0.333333,0.363636,11,5,10,0
255,medium,1.000000,1.000000,11,5,10,0
256,medium,1.000000,0.772727,11,5,10,1
257,medium,1.000000,1.000000,11,5,10,0
258,medium,1.000000,1.000000,11,5,10,0
259,medium,1.000000,0.772727,11,5,10,1
260,medium,1.000000,0.680233,11,5,10,2
261,medium,1.000000,0.772727,11,5,10,1
262,medium,1.000000,0.772727,11,5,10,1
263,medium,1.000000,0.772727,11,5,10,1
264,medium,1.000000,0.680233,11,5,10,2
265,medium,1.000000,0.772727,11,5,10,1
266,medium,0.750000,0.568182,11,5,10,1
267,medium,1.000000,0.680233,11,5,10,2
268,medium,0.750000,0.568182,11,5,10,1
269,medium,1.000000,0.680233,11,5,10,2
270,medium,0.555556,0.454545,11,5,10,0
271,medium,0.416667,0.454545,11,5,10,0
272,medium,0.650350,0.435897,11,5,11,2
273,medium,0.555556,0.590909,11,5,10,0
274,medium,1.000000,0.680233,11,5,10,2
275,medium,1.000000,0.772727,11,5,10,1
276,medium,1.000000,0.772727,11,5,10,1
277,medium,0.750000,0.590909,11,5,10,0
278,medium,1.000000,1.000000,11,5,10,0
279,medium,0.416667,0.363636,11,5,10,0
280,medium,1.000000,0.772727,11,5,10,1
281,medium,1.000000,1.000000,11,5,10,0
282,medium,0.750000,0.590909,11,5,10,0
283,medium,1.000000,0.772727,11,5,10,0
284,medium,0.750000,0.590909,11,5,10,0
285,medium,0.305556,0.204545,11,5,10,1
286,medium,1.000000,1.000000,11,5,10,0
287,medium,0.555556,0.454545,11,5,10,0
288,medium,1.000000,1.000000,11,5,10,0
289,medium,1.000000,0.772727,11,5,10,1
290,medium,1.000000,0.772727,11,5,10,1
291,medium,0.555556,0.454545,11,5,10,0
292,medium,1.000000,0.772727,11,5,10,1
293,medium,1.000000,1.000000,11,5,10,0
294,medium,0.416667,0.363636,11,5,10,0
295,medium,0.555556,0.454545,11,5,10,0
296,medium,1.000000,1.000000,11,5,10,0
297,medium,1.000000,0.772727,11,5,10,1
298,medium,1.000000,0.772727,11,5,10,1
299,medium,1.000000,0.772727,11,5,10,1
300,medium,1.000000,0.772727,11,5,10,1
301,medium,1.000000,1.000000,11,5,10,0
302,medium,1.000000,1.000000,11,5,10,0
303,medium,0.750000,0.590909,11,5,10,1
304,medium,0.416667,0.454545,11,5,10,0
305,medium,0.555556,0.339147,11,5,10,2
306,medium,1.000000,0.772727,11,5,10,1
307,medium,1.000000,1.000000,11,5,10,0
308,medium,1.000000,0.772727,11,5,10,1
309,medium,1.000000,0.772727,11,5,10,1
310,medium,0.750000,0.590909,11,5,10,1
311,medium,0.555556,0.590909,11,5,10,0
312,medium,0.750000,0.568182,11,5,10,1
313,medium,0.750000,0.590909,11,5,10,0
314,medium,0.555556,0.454545,11,5,10,0
315,medium,0.555556,0.454545,11,5,10,0
316,medium,1.000000,0.772727,11,5,10,1
317,medium,1.000000,0.772727,11,5,10,0
318,medium,1.000000,0.772727,11,5,10,0
319,medium,1.000000,0.772727,11,5,10,0
320,medium,1.000000,0.772727,11,5,10,0
321,medium,1.000000,0.772727,11,5,10,1
322,medium,1.000000,0.772727,11,5,10,1
323,medium,1.000000,0.772727,11,5,10,1
324,medium,1.000000,1.000000,11,5,10,0
325,medium,0.750000,0.590909,11,5,10,0
326,medium,1.000000,0.772727,11,5,10,1
327,medium,1.000000,1.000000,11,5,10,0
328,medium,1.000000,0.680233,11,5,10,2
329,medium,1.000000,0.772727,11,5,10,1
330,medium,1.000000,0.680233,11,5,10,2
331,medium,1.000000,1.000000,11,5,10,0
332,medium,1.000000,1.000000,11,5,10,0
333,medium,1.000000,0.772727,11,5,10,0
334,medium,1.000000,0.772727,11,5,10,0
335,medium,0.305556,0.147287,11,5,10,2
336,medium,1.000000,1.000000,11,5,10,0
337,medium,1.000000,0.772727,11,5,10,1
338,medium,0.750000,0.568182,11,5,10,1
339,medium,1.000000,0.772727,11,5,10,1
340,medium,1.000000,0.772727,11,5,10,1
341,medium,0.555556,0.590909,11,5,10,0
342,medium,1.000000,0.772727,11,5,10,0
343,medium,0.333333,0.227273,11,5,10,1
344,medium,1.000000,1.000000,11,5,10,0
345,medium,1.000000,1.000000,11,5,10,0
346,medium,0.750000,0.772727,11,5,10,0
347,medium,1.000000,1.000000,11,5,10,0
348,medium,0.555556,0.454545,11,5,10,0
349,medium,0.650350,0.509690,11,5,11,0
350,medium,0.750000,0.772727,11,5,10,0
351,medium,1.000000,1.000000,11,5,10,0
352,medium,1.000000,1.000000,11,5,10,0
353,medium,1.000000,0.680233,11,5,10,2
354,medium,0.361111,0.250000,11,5,10,1
355,medium,0.555556,0.339147,11,5,10,2
356,medium,0.750000,0.590909,11,5,10,0
357,medium,1.000000,0.772727,11,5,10,1
358,medium,0.416667,0.454545,11,5,10,0
359,medium,1.000000,1.000000,11,5,10,0
360,medium,1.000000,1.000000,11,5,10,0
361,medium,0.750000,0.568182,11,5,10,1
362,medium,0.555556,0.590909,11,5,10,0
363,medium,1.000000,0.772727,11,5,10,1
364,medium,1.000000,0.772727,11,5,10,1
365,medium,1.000000,1.000000,11,5,10,0
366,medium,0.750000,0.772727,11,5,10,0
367,medium,1.000000,0.772727,11,5,10,1
368,medium,1.000000,0.772727,11,5,10,1
369,medium,1.000000,0.772727,11,5,10,1
370,medium,0.555556,0.590909,11,5,10,0
371,medium,0.750000,0.568182,11,5,10,1
372,medium,1.000000,0.680233,11,5,10,2
373,medium,1.000000,0.772727,11,5,10,1
374,medium,0.750000,0.772727,11,5,10,0
375,medium,1.000000,0.772727,11,5,10,0
376,medium,1.000000,1.000000,11,5,10,0
377,medium,0.537037,0.421053,11,5,18,0
378,medium,1.000000,0.772727,11,5,10,1
379,medium,1.000000,1.000000,11,5,10,0
380,medium,1.000000,0.772727,11,5,10,1
381,medium,1.000000,0.772727,11,5,10,1
382,medium,0.194444,0.136364,11,5,10,1
383,medium,1.000000,0.772727,11,5,10,1
384,medium,0.555556,0.590909,11,5,10,0
385,medium,0.111111,0.045455,11,5,10,1
386,medium,1.000000,1.000000,11,5,10,0
387,medium,1.000000,1.000000,11,5,10,0
388,medium,0.416667,0.295455,11,5,10,1
389,medium,1.000000,0.772727,11,5,10,1
390,medium,1.000000,0.893411,11,5,10,2
391,medium,1.000000,1.000000,11,5,10,0
392,medium,0.750000,0.590909,11,5,10,0
393,medium,0.555556,0.454545,11,5,10,0
394,medium,0.555556,0.454545,11,5,10,0
395,medium,1.000000,0.772727,11,5,10,0
396,medium,0.416667,0.295455,11,5,10,1
397,medium,1.000000,1.000000,11,5,10,0
398,medium,1.000000,1.000000,11,5,10,0
399,medium,1.000000,1.000000,11,5,10,1
400,medium,1.000000,1.000000,11,5,10,0
401,medium,0.750000,0.772727,11,5,10,0
402,medium,0.750000,0.590909,11,5,10,0
403,medium,0.555556,0.454545,11,5,10,0
404,medium,1.000000,1.000000,11,5,10,0
405,medium,1.000000,0.680233,11,5,10,2
406,medium,1.000000,1.000000,11,5,10,0
407,medium,0.555556,0.590909,11,5,10,0
408,medium,0.087549,0.080139,11,5,13,0
409,medium,1.000000,1.000000,11,5,10,0
410,medium,1.000000,1.000000,11,5,10,0
411,medium,0.261849,0.168605,11,5,11,1
412,medium,0.750000,0.568182,11,5,10,1
413,medium,1.000000,0.772727,11,5,10,1
414,medium,1.000000,0.772727,11,5,10,1
415,medium,1.000000,0.772727,11,5,10,1
416,medium,1.000000,1.000000,11,5,10,0
417,medium,1.000000,0.772727,11,5,10,1
418,medium,0.555556,0.454545,11,5,10,0
419,medium,1.000000,0.772727,11,5,10,1
420,medium,1.000000,0.772727,11,5,10,1
421,medium,1.000000,0.680233,11,5,10,2
422,medium,1.000000,1.000000,11,5,10,0
423,medium,0.416667,0.363636,11,5,10,1
424,medium,1.000000,0.772727,11,5,10,1
425,medium,1.000000,1.000000,11,5,10,1
426,medium,1.000000,0.772727,11,5,10,1
427,medium,1.000000,0.680233,11,5,10,2
428,medium,0.416667,0.295455,11,5,10,1
429,medium,0.555556,0.339147,11,5,10,2
430,medium,1.000000,1.000000,11,5,10,0
431,medium,1.000000,1.000000,11,5,10,0
432,medium,1.000000,0.772727,11,5,10,0
433,medium,1.000000,1.000000,11,5,10,0
434,medium,1.000000,1.000000,11,5,10,0
435,medium,1.000000,0.772727,11,5,10,1
436,medium,0.555556,0.454545,11,5,10,0
437,medium,1.000000,1.000000,11,5,10,0
438,medium,1.000000,1.000000,11,5,10,0
439,medium,1.000000,1.000000,11,5,10,0
440,medium,1.000000,0.772727,11,5,10,1
441,medium,1.000000,0.772727,11,5,10,1
442,medium,1.000000,0.772727,11,5,10,0
443,medium,1.000000,0.772727,11,5,10,0
444,medium,1.000000,0.772727,11,5,10,0
445,medium,1.000000,0.772727,11,5,10,0
446,medium,1.000000,0.772727,11,5,10,1
447,medium,1.000000,0.772727,11,5,10,1
448,medium,1.000000,1.000000,11,5,10,0
449,medium,1.000000,0.680233,11,5,10,2
450,medium,1.000000,1.000000,11,5,10,0
451,medium,0.750000,0.772727,11,5,10,0
452,medium,0.333333,0.363636,11,5,10,0
453,medium,1.000000,1.000000,11,5,10,0
454,medium,0.555556,0.454545,11,5,10,0
455,medium,0.613785,0.454955,11,5,17,1
456,medium,1.000000,0.680233,11,5,10,2
457,medium,1.000000,1.000000,11,5,10,0
458,medium,0.750000,0.568182,11,5,10,1
459,medium,0.750000,0.568182,11,5,10,1
460,medium,0.416667,0.295455,11,5,10,1
461,medium,1.000000,1.000000,11,5,10,0
462,medium,1.000000,1.000000,11,5,10,0
463,medium,1.000000,0.772727,11,5,10,0
464,medium,1.000000,0.772727,11,5,10,0
465,medium,1.000000,0.772727,11,5,10,1
466,medium,0.555556,0.409091,11,5,10,1
467,medium,1.000000,1.000000,11,5,10,0
468,medium,1.000000,1.000000,11,5,10,0
469,medium,0.339549,0.381783,11,5,11,0
470,medium,1.000000,1.000000,11,5,10,0
471,medium,1.000000,1.000000,11,5,10,0
472,medium,1.000000,0.772727,11,5,10,1
473,medium,1.000000,1.000000,11,5,10,0
474,medium,0.750000,0.568182,11,5,10,1
475,medium,0.750000,0.488372,11,5,10,2
476,medium,1.000000,0.680233,11,5,10,2
477,medium,1.000000,0.772727,11,5,10,1
478,medium,1.000000,1.000000,11,5,10,0
479,medium,1.000000,0.680233,11,5,10,2
480,medium,0.750000,0.509690,11,5,10,2
481,medium,1.000000,1.000000,11,5,10,0
482,medium,0.555556,0.409091,11,5,10,1
483,medium,1.000000,1.000000,11,5,10,0
484,medium,0.750000,0.568182,11,5,10,1
485,medium,1.000000,1.000000,11,5,10,1
486,medium,1.000000,1.000000,11,5,10,0
487,medium,1.000000,1.000000,11,5,10,0
488,medium,1.000000,0.680233,11,5,10,2
489,medium,1.000000,0.772727,11,5,10,1
490,medium,0.750000,0.772727,11,5,10,0
491,medium,0.555556,0.590909,11,5,10,0
492,medium,0.210049,0.189922,11,5,11,0
493,medium,0.750000,0.772727,11,5,10,0
494,medium,0.750000,0.590909,11,5,10,0
495,medium,1.000000,1.000000,11,5,10,0
496,medium,0.750000,0.590909,11,5,10,0
497,medium,1.000000,0.772727,11,5,10,0
498,medium,1.000000,1.000000,11,5,10,0
499,medium,0.750000,0.590909,11,5,10,1
500,medium,1.000000,1.000000,11,5,10,0
501,medium,1.000000,1.000000,11,5,10,0
502,medium,1.000000,0.680233,11,5,10,2
503,medium,1.000000,0.680233,11,5,10,2
504,medium,1.000000,0.772727,11,5,10,0
505,medium,1.000000,0.893411,11,5,10,2
506,medium,0.416667,0.295455,11,5,10,1
507,medium,1.000000,0.893411,11,5,10,2
508,medium,1.000000,0.772727,11,5,10,0
509,medium,0.750000,0.590909,11,5,10,1
510,medium,0.750000,0.568182,11,5,10,1
511,medium,1.000000,0.772727,11,5,10,0
512,medium,1.000000,0.772727,11,5,10,0
513,medium,0.750000,0.772727,11,5,10,0
514,medium,0.750000,0.772727,11,5,10,0
515,medium,1.000000,1.000000,11,5,10,0
516,medium,1.000000,0.772727,11,5,10,0
517,medium,1.000000,1.000000,11,5,10,0
518,medium,0.416667,0.363636,11,5,10,0
519,medium,0.333333,0.318182,11,5,10,0
520,medium,0.750000,0.568182,11,5,10,1
521,medium,1.000000,1.000000,11,5,10,0
522,medium,0.750000,0.509690,11,5,10,2
523,medium,0.750000,0.590909,11,5,10,1
524,medium,0.555556,0.454545,11,5,10,0
525,medium,1.000000,1.000000,11,5,10,0
526,medium,1.000000,0.772727,11,5,10,0
527,medium,1.000000,0.772727,11,5,10,1
528,medium,1.000000,0.772727,11,5,10,0
529,medium,1.000000,1.000000,11,5,10,0
530,medium,1.000000,0.772727,11,5,10,1
531,medium,1.000000,1.000000,11,5,10,0
532,medium,0.555556,0.339147,11,5,10,2
533,medium,0.750000,0.772727,11,5,10,0
534,medium,1.000000,0.772727,11,5,10,1
535,medium,1.000000,1.000000,11,5,10,0
536,medium,0.555556,0.409091,11,5,10,1
537,medium,0.416667,0.454545,11,5,10,0
538,medium,0.305556,0.318182,11,5,10,1
539,medium,1.000000,0.772727,11,5,10,1
540,medium,0.750000,0.568182,11,5,10,1
541,medium,1.000000,0.772727,11,5,10,0
542,medium,0.750000,0.568182,11,5,10,1
543,medium,1.000000,1.000000,11,5,10,0
544,medium,0.750000,0.590909,11,5,10,1
545,medium,1.000000,1.000000,11,5,10,0
546,medium,1.000000,0.520906,11,5,10,4
547,medium,1.000000,0.772727,11,5,10,0
548,medium,1.000000,0.772727,11,5,10,1
549,medium,1.000000,0.772727,11,5,10,0
550,medium,1.000000,0.772727,11,5,10,0
551,medium,0.361111,0.409091,11,5,10,0
552,medium,1.000000,0.772727,11,5,10,0
553,medium,1.000000,0.772727,11,5,10,1
554,medium,1.000000,0.772727,11,5,10,1
555,medium,0.250000,0.227273,11,5,10,0
556,medium,0.750000,0.509690,11,5,10,2
557,medium,1.000000,0.772727,11,5,10,0
558,medium,1.000000,1.000000,11,5,10,0
559,medium,1.000000,0.772727,11,5,10,1
560,medium,0.305556,0.253876,11,5,10,2
561,medium,1.000000,0.772727,11,5,10,1
562,medium,1.000000,0.680233,11,5,10,2
563,medium,0.750000,0.509690,11,5,10,2
564,medium,0.555556,0.409091,11,5,10,1
565,medium,0.750000,0.772727,11,5,10,0
566,medium,0.750000,0.772727,11,5,10,0
567,medium,0.750000,0.772727,11,5,10,0
568,medium,1.000000,1.000000,11,5,10,0
569,medium,1.000000,0.680233,11,5,10,2
570,medium,0.750000,0.597070,11,5,10,3
571,medium,1.000000,1.000000,11,5,10,0
572,medium,1.000000,0.680233,11,5,10,2
573,medium,1.000000,1.000000,11,5,10,0
574,medium,1.000000,0.772727,11,5,10,0
575,medium,1.000000,0.680233,11,5,10,2
576,medium,1.000000,0.772727,11,5,10,1
577,medium,0.750000,0.590909,11,5,10,1
578,medium,0.138889,0.136364,11,5,10,0
579,medium,0.416667,0.454545,11,5,10,0
580,medium,1.000000,0.680233,11,5,10,2
581,medium,1.000000,0.597070,11,5,10,3
582,medium,0.305556,0.318182,11,5,10,1
583,medium,0.750000,0.772727,11,5,10,0
584,medium,1.000000,1.000000,11,5,10,0
585,medium,1.000000,0.680233,11,5,10,2
586,medium,1.000000,1.000000,11,5,10,0
587,medium,0.555556,0.590909,11,5,10,0
588,medium,1.000000,0.772727,11,5,10,1
589,medium,1.000000,1.000000,11,5,10,0
590,medium,1.000000,0.772727,11,5,10,1
591,medium,0.305556,0.318182,11,5,10,0
592,medium,0.555556,0.590909,11,5,10,0
593,medium,0.750000,0.772727,11,5,10,0
594,medium,0.750000,0.772727,11,5,10,0
595,medium,0.750000,0.568182,11,5,10,1
596,medium,1.000000,0.680233,11,5,10,2
597,medium,1.000000,0.680233,11,5,10,2
598,medium,1.000000,0.680233,11,5,10,2
599,medium,1.000000,1.000000,11,5,10,0
600,medium,1.000000,0.772727,11,5,10,0
601,medium,0.750000,0.772727,11,5,10,0
602,medium,0.750000,0.568182,11,5,10,1
603,medium,1.000000,0.772727,11,5,10,0
604,medium,0.750000,0.772727,11,5,10,0
605,medium,0.527778,0.386364,11,5,10,1
606,medium,1.000000,0.680233,11,5,10,2
607,medium,1.000000,1.000000,11,5,10,1
608,medium,1.000000,1.000000,11,5,10,0
609,medium,1.000000,0.680233,11,5,10,2
610,medium,1.000000,1.000000,11,5,10,0
611,medium,1.000000,0.772727,11,5,10,1
612,medium,1.000000,0.680233,11,5,10,2
613,medium,0.555556,0.454545,11,5,10,0
614,medium,1.000000,1.000000,11,5,10,0
615,medium,0.351852,0.291317,11,5,20,1
616,medium,1.000000,0.772727,11,5,10,1
617,medium,0.333333,0.363636,11,5,10,0
618,medium,0.750000,0.568182,11,5,10,1
619,medium,0.416667,0.454545,11,5,10,0
620,medium,1.000000,1.000000,11,5,10,0
621,medium,0.750000,0.772727,11,5,10,0
622,medium,0.750000,0.509690,11,5,10,2
623,medium,0.750000,0.568182,11,5,10,1
624,medium,0.750000,0.772727,11,5,10,0
625,medium,0.750000,0.772727,11,5,10,0
626,medium,0.750000,0.568182,11,5,10,1
627,medium,1.000000,0.772727,11,5,10,1
628,medium,0.555556,0.409091,11,5,10,1
629,medium,0.305556,0.318182,11,5,10,0
630,medium,0.416667,0.295455,11,5,10,1
631,medium,0.750000,0.590909,11,5,10,0
632,medium,1.000000,1.000000,11,5,10,0
633,medium,1.000000,1.000000,11,5,10,0
634,medium,0.555556,0.454545,11,5,10,0
635,medium,1.000000,0.772727,11,5,10,0
636,medium,1.000000,0.772727,11,5,10,0
637,medium,0.527778,0.568182,11,5,10,0
638,medium,1.000000,1.000000,11,5,10,0
639,medium,1.000000,1.000000,11,5,10,0
640,medium,1.000000,1.000000,11,5,10,0
641,medium,0.305556,0.318182,11,5,10,0
642,medium,1.000000,1.000000,11,5,10,0
643,medium,1.000000,0.772727,11,5,10,0
644,medium,1.000000,1.000000,11,5,10,0
645,medium,0.134199,0.073370,11,5,22,0
646,medium,0.750000,0.590909,11,5,10,0
647,medium,1.000000,1.000000,11,5,10,0
648,medium,1.000000,1.000000,11,5,10,0
649,medium,0.735450,0.559295,11,5,15,0
650,medium,1.000000,1.000000,11,5,10,0
651,medium,1.000000,1.000000,11,5,10,0
652,medium,1.000000,0.772727,11,5,10,0
653,medium,1.000000,1.000000,11,5,10,0
654,medium,1.000000,1.000000,11,5,10,0
655,medium,1.000000,1.000000,11,5,10,0
656,medium,1.000000,0.772727,11,5,10,0
657,medium,1.000000,0.772727,11,5,10,0
658,medium,1.000000,1.000000,11,5,10,0
659,medium,1.000000,1.000000,11,5,10,0
660,medium,1.000000,1.000000,11,5,10,0
661,medium,0.555556,0.454545,11,5,10,0
662,medium,1.000000,1.000000,11,5,10,0
663,medium,1.000000,1.000000,11,5,10,0
664,medium,1.000000,1.000000,11,5,10,0
665,medium,1.000000,1.000000,11,5,10,0
666,medium,0.750000,0.590909,11,5,10,0
667,medium,0.613785,0.471471,11,5,17,0
668,medium,1.000000,1.000000,11,5,10,0
669,medium,1.000000,0.772727,11,5,10,0
670,medium,1.000000,1.000000,11,5,10,0
671,medium,0.333333,0.363636,11,5,10,0
672,medium,1.000000,1.000000,11,5,10,0
673,medium,0.555556,0.590909,11,5,10,0
674,medium,0.416667,0.454545,11,5,10,0
675,medium,1.000000,1.000000,11,5,10,0
676,medium,0.750000,0.772727,11,5,10,0
677,medium,1.000000,1.000000,11,5,10,0
678,medium,1.000000,0.772727,11,5,10,0
679,medium,1.000000,1.000000,11,5,10,0
680,medium,1.000000,1.000000,11,5,10,0
681,medium,1.000000,0.772727,11,5,10,0
682,medium,0.416667,0.363636,11,5,10,0
683,medium,0.555556,0.590909,11,5,10,0
684,medium,0.555556,0.590909,11,5,10,0
685,medium,0.750000,0.590909,11,5,10,0
686,medium,1.000000,1.000000,11,5,10,0
687,medium,1.000000,1.000000,11,5,10,0
688,medium,1.000000,1.000000,11,5,10,0
689,medium,1.000000,1.000000,11,5,10,0
690,medium,0.527778,0.568182,11,5,10,0
691,medium,1.000000,1.000000,11,5,10,0
692,medium,1.000000,0.772727,11,5,10,0
693,medium,0.333333,0.318182,11,5,10,0
694,medium,0.555556,0.590909,11,5,10,0
695,medium,0.544974,0.418269,11,5,15,0
696,medium,0.333333,0.363636,11,5,10,0
697,medium,0.750000,0.772727,11,5,10,0
698,medium,1.000000,0.772727,11,5,10,0
699,medium,1.000000,1.000000,11,5,10,0
700,medium,1.000000,0.772727,11,5,10,0
701,medium,1.000000,1.000000,11,5,10,0
702,medium,1.000000,1.000000,11,5,10,0
703,medium,1.000000,1.000000,11,5,10,0
704,medium,0.750000,0.772727,11,5,10,0
705,medium,0.750000,0.772727,11,5,10,0
706,medium,1.000000,1.000000,11,5,10,0
707,medium,0.555556,0.590909,11,5,10,0
708,medium,1.000000,1.000000,11,5,10,0
709,medium,0.750000,0.772727,11,5,10,0
710,medium,1.000000,1.000000,11,5,10,0
711,medium,1.000000,0.772727,11,5,10,0
712,medium,1.000000,1.000000,11,5,10,0
713,medium,1.000000,1.000000,11,5,10,0
714,medium,0.555556,0.590909,11,5,10,0
715,medium,1.000000,0.772727,11,5,10,0
716,medium,1.000000,1.000000,11,5,10,0
717,medium,1.000000,0.772727,11,5,10,0
718,medium,1.000000,1.000000,11,5,10,0
719,medium,0.291005,0.241987,11,5,15,0
720,medium,1.000000,1.000000,11,5,10,0
721,medium,0.305556,0.318182,11,5,10,0
722,medium,1.000000,0.772727,11,5,10,0
723,medium,1.000000,1.000000,11,5,10,0
724,medium,1.000000,1.000000,11,5,10,0
725,medium,0.416667,0.454545,11,5,10,0
726,medium,0.555556,0.454545,11,5,10,0
727,medium,0.750000,0.772727,11,5,10,0
728,medium,1.000000,1.000000,11,5,10,0
729,medium,1.000000,1.000000,11,5,10,0
730,medium,0.555556,0.590909,11,5,10,0
731,medium,0.333333,0.318182,11,5,10,0
732,medium,0.750000,0.772727,11,5,10,0
733,medium,0.750000,0.772727,11,5,10,0
734,medium,0.750000,0.590909,11,5,10,0
735,medium,1.000000,1.000000,11,5,10,0
736,medium,0.750000,0.590909,11,5,10,0
737,medium,1.000000,1.000000,11,5,10,0
738,medium,0.750000,0.590909,11,5,10,0
739,medium,0.650350,0.509690,11,5,11,0
740,medium,1.000000,1.000000,11,5,10,0
741,medium,1.000000,1.000000,11,5,10,0
742,medium,1.000000,1.000000,11,5,10,0
743,medium,0.750000,0.590909,11,5,10,0
744,medium,0.750000,0.590909,11,5,10,0
745,medium,0.305556,0.318182,11,5,10,0
746,medium,1.000000,0.772727,11,5,10,0
747,medium,0.613785,0.471471,11,5,17,0
748,medium,0.305556,0.318182,11,5,10,0
749,medium,1.000000,0.772727,11,5,10,0
750,medium,1.000000,0.772727,11,5,10,0
751,medium,1.000000,1.000000,11,5,10,0
752,medium,1.000000,1.000000,11,5,10,0
753,medium,0.416667,0.363636,11,5,10,0
754,medium,0.333333,0.363636,11,5,10,0
755,medium,1.000000,1.000000,11,5,10,0
756,medium,1.000000,1.000000,11,5,10,0
757,medium,0.750000,0.772727,11,5,10,0
758,medium,0.555556,0.590909,11,5,10,0
759,medium,0.750000,0.772727,11,5,10,0
760,medium,0.416667,0.363636,11,5,10,0
761,medium,0.555556,0.590909,11,5,10,0
762,medium,1.000000,1.000000,11,5,10,0
763,medium,1.000000,1.000000,11,5,10,0
764,medium,1.000000,1.000000,11,5,10,0
765,medium,0.555556,0.454545,11,5,10,0
766,medium,0.750000,0.772727,11,5,10,0
767,medium,0.750000,0.772727,11,5,10,0
768,medium,1.000000,0.772727,11,5,10,0
769,medium,1.000000,1.000000,11,5,10,0
770,medium,0.750000,0.590909,11,5,10,0
771,medium,1.000000,1.000000,11,5,10,0
772,medium,1.000000,1.000000,11,5,10,0
773,medium,1.000000,0.772727,11,5,10,0
774,medium,1.000000,1.000000,11,5,10,0
775,medium,0.672068,0.517544,11,5,18,0
776,medium,1.000000,0.772727,11,5,10,0
777,medium,1.000000,1.000000,11,5,10,0
778,medium,0.750000,0.590909,11,5,10,0
779,medium,1.000000,0.772727,11,5,10,0
780,medium,0.555556,0.454545,11,5,10,0
781,medium,0.333333,0.363636,11,5,10,0
782,medium,0.750000,0.772727,11,5,10,0
783,medium,1.000000,1.000000,11,5,10,0
784,medium,0.750000,0.590909,11,5,10,0
785,medium,1.000000,1.000000,11,5,10,0
786,medium,1.000000,1.000000,11,5,10,0
787,medium,1.000000,1.000000,11,5,10,0
788,medium,1.000000,1.000000,11,5,10,0
789,medium,1.000000,0.772727,11,5,10,0
790,medium,0.555556,0.454545,11,5,10,0
791,medium,1.000000,1.000000,11,5,10,0
792,medium,1.000000,1.000000,11,5,10,0
793,medium,1.000000,1.000000,11,5,10,0
794,medium,1.000000,1.000000,11,5,10,0
795,medium,1.000000,1.000000,11,5,10,0
796,medium,0.750000,0.590909,11,5,10,0
797,medium,1.000000,1.000000,11,5,10,0
798,medium,0.750000,0.590909,11,5,10,0
799,medium,0.750000,0.590909,11,5,10,0
800,medium,1.000000,1.000000,11,5,10,0
801,medium,1.000000,1.000000,11,5,10,0
802,medium,1.000000,1.000000,11,5,10,0
803,medium,1.000000,1.000000,11,5,10,0
804,medium,0.416667,0.363636,11,5,10,0
805,medium,1.000000,1.000000,11,5,10,0
806,medium,1.000000,1.000000,11,5,10,0
807,medium,1.000000,1.000000,11,5,10,0
808,medium,0.416667,0.454545,11,5,10,0
809,medium,1.000000,1.000000,11,5,10,0
810,medium,1.000000,1.000000,11,5,10,0
811,medium,0.750000,0.590909,11,5,10,0
812,medium,1.000000,1.000000,11,5,10,0
813,medium,1.000000,1.000000,11,5,10,0
814,medium,0.555556,0.454545,11,5,10,0
815,medium,1.000000,1.000000,11,5,10,0
816,medium,1.000000,1.000000,11,5,10,0
817,medium,1.000000,1.000000,11,5,10,0
818,medium,0.750000,0.772727,11,5,10,0
819,medium,0.750000,0.772727,11,5,10,0
820,medium,0.750000,0.772727,11,5,10,0
821,medium,1.000000,1.000000,11,5,10,0
822,medium,0.750000,0.590909,11,5,10,0
823,medium,1.000000,1.000000,11,5,10,0
824,medium,0.333333,0.363636,11,5,10,0
825,medium,1.000000,1.000000,11,5,10,0
826,medium,1.000000,1.000000,11,5,10,0
827,medium,0.750000,0.590909,11,5,10,0
828,medium,0.555556,0.590909,11,5,10,0
829,medium,0.750000,0.590909,11,5,10,0
830,medium,0.555556,0.454545,11,5,10,0
831,medium,0.750000,0.590909,11,5,10,0
832,medium,1.000000,1.000000,11,5,10,0
833,medium,1.000000,0.772727,11,5,10,0
834,medium,1.000000,0.772727,11,5,10,0
835,medium,1.000000,0.772727,11,5,10,0
836,medium,1.000000,0.772727,11,5,10,0
837,medium,0.750000,0.772727,11,5,10,0
838,medium,1.000000,1.000000,11,5,10,0
839,medium,1.000000,0.772727,11,5,10,0
840,medium,1.000000,1.000000,11,5,10,0
841,medium,1.000000,1.000000,11,5,10,0
842,medium,0.750000,0.772727,11,5,10,0
843,medium,0.333333,0.318182,11,5,10,0
844,medium,0.750000,0.772727,11,5,10,0
845,medium,1.000000,1.000000,11,5,10,0
846,medium,1.000000,1.000000,11,5,10,0
847,medium,0.750000,0.590909,11,5,10,0
848,medium,1.000000,0.772727,11,5,10,0
849,medium,1.000000,1.000000,11,5,10,0
850,medium,1.000000,0.772727,11,5,10,0
851,medium,1.000000,1.000000,11,5,10,0
852,medium,1.000000,1.000000,11,5,10,0
853,medium,1.000000,1.000000,11,5,10,0
854,medium,0.750000,0.590909,11,5,10,0
855,medium,1.000000,1.000000,11,5,10,0
856,medium,1.000000,0.772727,11,5,10,0
857,medium,1.000000,1.000000,11,5,10,0
858,medium,1.000000,1.000000,11,5,10,0
859,medium,1.000000,1.000000,11,5,10,0
860,medium,1.000000,0.772727,11,5,10,0
861,medium,1.000000,1.000000,11,5,10,0
862,medium,1.000000,0.772727,11,5,10,0
863,medium,0.750000,0.590909,11,5,10,0
864,medium,1.000000,1.000000,11,5,10,0
865,medium,1.000000,0.772727,11,5,10,0
866,medium,1.000000,1.000000,11,5,10,0
867,medium,1.000000,1.000000,11,5,10,0
868,medium,1.000000,1.000000,11,5,10,0
869,medium,0.750000,0.590909,11,5,10,0
870,medium,1.000000,1.000000,11,5,10,0
871,medium,1.000000,1.000000,11,5,10,0
872,medium,1.000000,0.772727,11,5,10,0
873,medium,0.261849,0.253876,11,5,11,0
874,medium,0.555556,0.454545,11,5,10,0
875,medium,1.000000,1.000000,11,5,10,0
876,medium,1.000000,1.000000,11,5,10,0
877,medium,0.750000,0.590909,11,5,10,0
878,medium,0.750000,0.590909,11,5,10,0
879,medium,0.555556,0.454545,11,5,10,0
880,medium,0.750000,0.590909,11,5,10,0
881,medium,1.000000,1.000000,11,5,10,0
882,medium,1.000000,1.000000,11,5,10,0
883,medium,0.750000,0.772727,11,5,10,0
884,medium,1.000000,0.772727,11,5,10,0
885,medium,1.000000,1.000000,11,5,10,0
886,medium,0.750000,0.772727,11,5,10,0
887,medium,1.000000,1.000000,11,5,10,0
888,medium,1.000000,1.000000,11,5,10,0
889,medium,1.000000,1.000000,11,5,10,0
890,medium,1.000000,1.000000,11,5,10,0
891,medium,0.416667,0.454545,11,5,10,0
892,medium,1.000000,1.000000,11,5,10,0
893,medium,1.000000,1.000000,11,5,10,0
894,medium,1.000000,1.000000,11,5,10,0
895,medium,1.000000,1.000000,11,5,10,0
896,medium,0.555556,0.454545,11,5,10,0
897,medium,1.000000,1.000000,11,5,10,0
898,medium,0.544974,0.418269,11,5,15,0
899,medium,0.750000,0.590909,11,5,10,0
900,medium,0.555556,0.590909,11,5,10,0
901,medium,0.555556,0.454545,11,5,10,0
902,medium,0.416667,0.454545,11,5,10,0
903,medium,1.000000,0.772727,11,5,10,0
904,medium,0.585770,0.456044,11,5,12,0
905,medium,0.555556,0.454545,11,5,10,0
906,medium,1.000000,1.000000,11,5,10,0
907,medium,1.000000,1.000000,11,5,10,0
908,medium,0.750000,0.590909,11,5,10,0
909,medium,0.555556,0.454545,11,5,10,0
910,medium,0.416667,0.454545,11,5,10,0
911,medium,1.000000,1.000000,11,5,10,0
912,medium,0.750000,0.772727,11,5,10,0
913,medium,0.750000,0.590909,11,5,10,0
914,medium,0.750000,0.772727,11,5,10,0
915,medium,1.000000,1.000000,11,5,10,0
916,medium,1.000000,1.000000,11,5,10,0
917,medium,0.750000,0.590909,11,5,10,0
918,medium,1.000000,1.000000,11,5,10,0
919,medium,1.000000,1.000000,11,5,10,0
920,medium,1.000000,1.000000,11,5,10,0
921,medium,1.000000,1.000000,11,5,10,0
922,medium,1.000000,1.000000,11,5,10,0
923,medium,0.593979,0.454955,11,5,17,0
924,medium,0.333333,0.318182,11,5,10,0
925,medium,0.750000,0.772727,11,5,10,0
926,medium,1.000000,1.000000,11,5,10,0
927,medium,1.000000,1.000000,11,5,10,0
928,medium,1.000000,0.772727,11,5,10,0
929,medium,1.000000,1.000000,11,5,10,0
930,medium,0.333333,0.363636,11,5,10,0
931,medium,0.333333,0.363636,11,5,10,0
932,medium,1.000000,1.000000,11,5,10,0
933,medium,1.000000,0.772727,11,5,10,0
934,medium,1.000000,1.000000,11,5,10,0
935,medium,0.555556,0.590909,11,5,10,0
936,medium,0.295449,0.233449,11,5,13,0
937,medium,1.000000,1.000000,11,5,10,0
938,medium,1.000000,1.000000,11,5,10,0
939,medium,1.000000,1.000000,11,5,10,0
940,medium,1.000000,1.000000,11,5,10,0
941,medium,1.000000,1.000000,11,5,10,0
942,medium,0.745331,0.575714,11,5,19,0
943,medium,0.469049,0.381783,11,5,11,0
944,medium,1.000000,1.000000,11,5,10,0
945,medium,1.000000,1.000000,11,5,10,0
946,medium,0.754902,0.574303,11,5,16,0
947,medium,0.750000,0.590909,11,5,10,0
948,medium,0.416667,0.363636,11,5,10,0
949,medium,0.750000,0.772727,11,5,10,0
950,medium,1.000000,0.772727,11,5,10,0
951,medium,1.000000,0.772727,11,5,10,0
952,medium,1.000000,1.000000,11,5,10,0
953,medium,1.000000,0.772727,11,5,10,0
954,medium,1.000000,0.772727,11,5,10,0
955,medium,1.000000,1.000000,11,5,10,0
956,medium,1.000000,1.000000,11,5,10,0
957,medium,1.000000,0.772727,11,5,10,0
958,medium,1.000000,1.000000,11,5,10,0
959,medium,1.000000,1.000000,11,5,10,0
960,medium,1.000000,1.000000,11,5,10,0
961,medium,1.000000,0.772727,11,5,10,0
962,medium,1.000000,1.000000,11,5,10,0
963,medium,1.000000,0.772727,11,5,10,0
964,medium,1.000000,1.000000,11,5,10,0
965,medium,1.000000,1.000000,11,5,10,0
966,medium,0.555556,0.454545,11,5,10,0
967,medium,1.000000,1.000000,11,5,10,0
968,medium,1.000000,1.000000,11,5,10,0
969,medium,1.000000,0.772727,11,5,10,0
970,medium,0.750000,0.590909,11,5,10,0
971,medium,1.000000,1.000000,11,5,10,0
972,medium,1.000000,0.772727,11,5,10,0
973,medium,1.000000,1.000000,11,5,10,0
974,medium,1.000000,0.772727,11,5,10,0
975,medium,1.000000,0.772727,11,5,10,0
976,medium,0.333333,0.363636,11,5,10,0
977,medium,1.000000,0.772727,11,5,10,0
978,medium,0.750000,0.590909,11,5,10,0
979,medium,1.000000,1.000000,11,5,10,0
980,medium,1.000000,1.000000,11,5,10,0
981,medium,0.750000,0.590909,11,5,10,0
982,medium,0.750000,0.590909,11,5,10,0
983,medium,0.415205,0.335165,11,5,12,0
984,medium,0.613785,0.471471,11,5,17,0
985,medium,1.000000,1.000000,11,5,10,0
986,medium,1.000000,1.000000,11,5,10,0
987,medium,1.000000,0.772727,11,5,10,0
988,medium,1.000000,1.000000,11,5,10,0
989,medium,1.000000,1.000000,11,5,10,0
990,medium,1.000000,1.000000,11,5,10,0
991,medium,1.000000,0.772727,11,5,10,0
992,medium,0.555556,0.454545,11,5,10,0
993,medium,1.000000,1.000000,11,5,10,0
994,medium,0.750000,0.772727,11,5,10,0
995,medium,0.305556,0.318182,11,5,10,0
996,medium,1.000000,1.000000,11,5,10,0
997,medium,1.000000,1.000000,11,5,10,0
998,medium,1.000000,1.000000,11,5,10,0
999,medium,1.000000,1.000000,11,5,10,0
1000,medium,1.000000,1.000000,11,5,10,0
1,high,1.000000,0.893411,11,5,10,2
2,high,1.000000,1.000000,11,5,10,0
3,high,0.750000,0.590909,11,5,10,0
4,high,1.000000,1.000000,11,5,10,1
5,high,1.000000,1.000000,11,5,10,0
6,high,1.000000,0.772727,11,5,10,0
7,high,1.000000,1.000000,11,5,10,0
8,high,1.000000,1.000000,11,5,10,0
9,high,1.000000,1.000000,11,5,10,0
10,high,1.000000,0.772727,11,5,10,1
11,high,1.000000,1.000000,11,5,10,0
12,high,1.000000,1.000000,11,5,10,0
13,high,1.000000,0.772727,11,5,10,1
14,high,1.000000,1.000000,11,5,10,0
15,high,1.000000,1.000000,11,5,10,0
16,high,1.000000,1.000000,11,5,10,0
17,high,0.469049,0.456044,11,5,11,2
18,high,0.555556,0.590909,11,5,10,1
19,high,0.750000,0.772727,11,5,10,0
20,high,1.000000,1.000000,11,5,10,1
21,high,1.000000,0.772727,11,5,10,1
22,high,0.555556,0.590909,11,5,10,0
23,high,1.000000,0.772727,11,5,10,1
24,high,1.000000,1.000000,11,5,10,0
25,high,0.750000,0.772727,11,5,10,0
26,high,0.750000,0.772727,11,5,10,0
27,high,1.000000,1.000000,11,5,10,0
28,high,1.000000,1.000000,11,5,10,0
29,high,1.000000,1.000000,11,5,10,0
30,high,0.750000,0.590909,11,5,10,0
31,high,1.000000,1.000000,11,5,10,0
32,high,0.333333,0.363636,11,5,10,0
33,high,0.750000,0.772727,11,5,10,1
34,high,0.555556,0.590909,11,5,10,0
35,high,1.000000,1.000000,11,5,10,0
36,high,0.333333,0.318182,11,5,10,0
37,high,0.333333,0.363636,11,5,10,0
38,high,1.000000,0.772727,11,5,10,0
39,high,1.000000,1.000000,11,5,10,0
40,high,1.000000,0.772727,11,5,10,0
41,high,1.000000,0.772727,11,5,10,0
42,high,0.750000,0.590909,11,5,10,0
43,high,1.000000,1.000000,11,5,10,0
44,high,1.000000,1.000000,11,5,10,0
45,high,1.000000,1.000000,11,5,10,0
46,high,1.000000,1.000000,11,5,10,0
47,high,0.750000,0.772727,11,5,10,0
48,high,0.469049,0.381783,11,5,11,0
49,high,0.555556,0.590909,11,5,10,0
50,high,0.220273,0.214286,11,5,12,0
51,high,1.000000,1.000000,11,5,10,0
52,high,0.750000,0.590909,11,5,10,0
53,high,1.000000,1.000000,11,5,10,0
54,high,0.735450,0.560000,11,5,14,0
55,high,0.222222,0.181818,11,5,10,0
56,high,1.000000,1.000000,11,5,10,0
57,high,1.000000,1.000000,11,5,10,0
58,high,0.555556,0.590909,11,5,10,0
59,high,0.555556,0.454545,11,5,10,0
60,high,1.000000,1.000000,11,5,10,0
61,high,0.527778,0.568182,11,5,10,0
62,high,0.750000,0.590909,11,5,10,1
63,high,1.000000,0.772727,11,5,10,0
64,high,0.416667,0.454545,11,5,10,0
65,high,0.361111,0.295455,11,5,10,0
66,high,0.750000,0.590909,11,5,10,0
67,high,0.750000,0.772727,11,5,10,0
68,high,0.555556,0.409091,11,5,10,1
69,high,1.000000,1.000000,11,5,10,0
70,high,1.000000,1.000000,11,5,10,0
71,high,1.000000,0.772727,11,5,10,0
72,high,1.000000,1.000000,11,5,10,1
73,high,0.416667,0.363636,11,5,10,0
74,high,0.650350,0.680233,11,5,11,1
75,high,0.750000,0.568182,11,5,10,1
76,high,0.752426,0.570571,11,5,17,0
77,high,0.805068,0.818681,11,5,12,1
78,high,1.000000,1.000000,11,5,10,0
79,high,0.555556,0.590909,11,5,10,1
80,high,0.555556,0.590909,11,5,10,0
81,high,1.000000,1.000000,11,5,10,0
82,high,0.235949,0.168605,11,5,11,0
83,high,0.750000,0.590909,11,5,10,0
84,high,1.000000,1.000000,11,5,10,0
85,high,1.000000,1.000000,11,5,10,1
86,high,1.000000,1.000000,11,5,10,0
87,high,1.000000,1.000000,11,5,10,0
88,high,0.555556,0.454545,11,5,10,0
89,high,1.000000,1.000000,11,5,10,0
90,high,1.000000,1.000000,11,5,10,0
91,high,0.750000,0.590909,11,5,10,1
92,high,0.750000,0.590909,11,5,10,0
93,high,0.555556,0.454545,11,5,10,0
94,high,0.750000,0.590909,11,5,10,0
95,high,0.750000,0.772727,11,5,10,1
96,high,0.750000,0.772727,11,5,10,1
97,high,0.750000,0.772727,11,5,10,0
98,high,1.000000,1.000000,11,5,10,0
99,high,1.000000,1.000000,11,5,10,0
100,high,1.000000,1.000000,11,5,10,0
101,high,1.000000,1.000000,11,5,10,0
102,high,1.000000,1.000000,11,5,10,0
103,high,1.000000,1.000000,11,5,10,0
104,high,1.000000,0.772727,11,5,10,0
105,high,1.000000,1.000000,11,5,10,0
106,high,1.000000,0.772727,11,5,10,0
107,high,1.000000,0.772727,11,5,10,1
108,high,0.305556,0.204545,11,5,10,1
109,high,0.750000,0.772727,11,5,10,0
110,high,0.650350,0.435897,11,5,11,2
111,high,0.750000,0.590909,11,5,10,0
112,high,0.555556,0.590909,11,5,10,1
113,high,0.750000,0.772727,11,5,10,1
114,high,1.000000,0.893411,11,5,10,2
115,high,1.000000,1.000000,11,5,10,0
116,high,1.000000,1.000000,11,5,10,0
117,high,0.750000,0.772727,11,5,10,0
118,high,1.000000,1.000000,11,5,10,0
119,high,0.171540,0.194139,11,5,12,0
120,high,1.000000,1.000000,11,5,10,0
121,high,0.555556,0.590909,11,5,10,0
122,high,0.750000,0.772727,11,5,10,0
123,high,1.000000,0.772727,11,5,10,0
124,high,0.750000,0.772727,11,5,10,0
125,high,1.000000,0.893411,11,5,10,2
126,high,1.000000,1.000000,11,5,10,0
127,high,1.000000,1.000000,11,5,10,0
128,high,1.000000,1.000000,11,5,10,0
129,high,1.000000,1.000000,11,5,10,0
130,high,0.305556,0.318182,11,5,10,0
131,high,1.000000,0.772727,11,5,10,0
132,high,1.000000,1.000000,11,5,10,0
133,high,1.000000,0.772727,11,5,10,0
134,high,1.000000,1.000000,11,5,10,0
135,high,1.000000,1.000000,11,5,10,1
136,high,1.000000,1.000000,11,5,10,0
137,high,0.333333,0.363636,11,5,10,0
138,high,0.555556,0.454545,11,5,10,0
139,high,1.000000,0.772727,11,5,10,1
140,high,1.000000,1.000000,11,5,10,1
141,high,0.305556,0.318182,11,5,10,0
142,high,1.000000,1.000000,11,5,10,0
143,high,1.000000,1.000000,11,5,10,0
144,high,1.000000,1.000000,11,5,10,0
145,high,0.305556,0.318182,11,5,10,0
146,high,1.000000,1.000000,11,5,10,0
147,high,0.339549,0.381783,11,5,11,0
148,high,1.000000,1.000000,11,5,10,0
149,high,0.333333,0.363636,11,5,10,0
150,high,1.000000,1.000000,11,5,10,0
151,high,0.132349,0.125969,11,5,11,1
152,high,1.000000,0.772727,11,5,10,0
153,high,1.000000,1.000000,11,5,10,0
154,high,0.235949,0.253876,11,5,11,0
155,high,1.000000,1.000000,11,5,10,0
156,high,1.000000,1.000000,11,5,10,0
157,high,1.000000,0.772727,11,5,10,1
158,high,0.305556,0.318182,11,5,10,1
159,high,0.250000,0.295455,11,5,10,0
160,high,0.750000,0.772727,11,5,10,0
161,high,0.555556,0.454545,11,5,10,0
162,high,1.000000,1.000000,11,5,10,0
163,high,0.138889,0.113636,11,5,10,0
164,high,1.000000,1.000000,11,5,10,0
165,high,1.000000,1.000000,11,5,10,0
166,high,1.000000,1.000000,11,5,10,0
167,high,0.305556,0.318182,11,5,10,1
168,high,1.000000,1.000000,11,5,10,0
169,high,1.000000,1.000000,11,5,10,0
170,high,0.750000,0.590909,11,5,10,0
171,high,1.000000,1.000000,11,5,10,0
172,high,0.750000,0.590909,11,5,10,1
173,high,1.000000,1.000000,11,5,10,0
174,high,0.555556,0.590909,11,5,10,0
175,high,0.750000,0.772727,11,5,10,0
176,high,1.000000,0.772727,11,5,10,0
177,high,1.000000,1.000000,11,5,10,0
178,high,1.000000,0.772727,11,5,10,0
179,high,1.000000,1.000000,11,5,10,0
180,high,1.000000,1.000000,11,5,10,0
181,high,1.000000,0.772727,11,5,10,0
182,high,1.000000,1.000000,11,5,10,0
183,high,1.000000,1.000000,11,5,10,0
184,high,1.000000,1.000000,11,5,10,0
185,high,1.000000,1.000000,11,5,10,0
186,high,1.000000,1.000000,11,5,10,0
187,high,0.555556,0.454545,11,5,10,0
188,high,1.000000,1.000000,11,5,10,0
189,high,1.000000,1.000000,11,5,10,0
190,high,1.000000,1.000000,11,5,10,0
191,high,1.000000,1.000000,11,5,10,0
192,high,0.750000,0.590909,11,5,10,0
193,high,0.750000,0.590909,11,5,10,0
194,high,1.000000,1.000000,11,5,10,0
195,high,1.000000,1.000000,11,5,10,0
196,high,0.650350,0.509690,11,5,11,0
197,high,1.000000,1.000000,11,5,10,0
198,high,1.000000,1.000000,11,5,10,0
199,high,0.750000,0.590909,11,5,10,0
200,high,1.000000,1.000000,11,5,10,0
201,high,1.000000,1.000000,11,5,10,1
202,high,1.000000,1.000000,11,5,10,1
203,high,0.750000,0.772727,11,5,10,0
204,high,1.000000,1.000000,11,5,10,0
205,high,0.750000,0.772727,11,5,10,0
206,high,1.000000,1.000000,11,5,10,0
207,high,1.000000,0.772727,11,5,10,0
208,high,1.000000,1.000000,11,5,10,0
209,high,1.000000,1.000000,11,5,10,1
210,high,0.555556,0.590909,11,5,10,0
211,high,0.750000,0.772727,11,5,10,0
212,high,1.000000,1.000000,11,5,10,0
213,high,0.555556,0.454545,11,5,10,1
214,high,0.750000,0.772727,11,5,10,1
215,high,0.750000,0.772727,11,5,10,0
216,high,1.000000,1.000000,11,5,10,0
217,high,1.000000,1.000000,11,5,10,0
218,high,1.000000,1.000000,11,5,10,1
219,high,1.000000,1.000000,11,5,10,0
220,high,0.333333,0.363636,11,5,10,1
221,high,1.000000,0.893411,11,5,10,2
222,high,1.000000,1.000000,11,5,10,1
223,high,1.000000,0.772727,11,5,10,0
224,high,0.555556,0.454545,11,5,10,0
225,high,0.333333,0.318182,11,5,10,0
226,high,0.342105,0.254579,11,5,12,0
227,high,0.750000,0.590909,11,5,10,0
228,high,0.356308,0.372372,11,5,17,1
229,high,1.000000,1.000000,11,5,10,0
230,high,1.000000,1.000000,11,5,10,0
231,high,1.000000,0.772727,11,5,10,0
232,high,1.000000,1.000000,11,5,10,0
233,high,0.555556,0.454545,11,5,10,0
234,high,1.000000,1.000000,11,5,10,0
235,high,0.333333,0.227273,11,5,10,1
236,high,0.750000,0.772727,11,5,10,0
237,high,0.750000,0.772727,11,5,10,1
238,high,1.000000,1.000000,11,5,10,1
239,high,1.000000,0.772727,11,5,10,0
240,high,1.000000,0.772727,11,5,10,0
241,high,1.000000,1.000000,11,5,10,1
242,high,1.000000,0.772727,11,5,10,0
243,high,0.222222,0.136364,11,5,10,1
244,high,1.000000,0.772727,11,5,10,1
245,high,0.333333,0.318182,11,5,10,0
246,high,0.555556,0.454545,11,5,10,0
247,high,0.750000,0.772727,11,5,10,1
248,high,0.750000,0.772727,11,5,10,0
249,high,1.000000,1.000000,11,5,10,0
250,high,0.750000,0.772727,11,5,10,0
251,high,1.000000,1.000000,11,5,10,0
252,high,0.750000,0.590909,11,5,10,0
253,high,1.000000,0.772727,11,5,10,1
254,high,0.333333,0.253876,11,5,10,2
255,high,1.000000,1.000000,11,5,10,0
256,high,1.000000,1.000000,11,5,10,0
257,high,1.000000,1.000000,11,5,10,0
258,high,1.000000,1.000000,11,5,10,0
259,high,1.000000,1.000000,11,5,10,0
260,high,1.000000,1.000000,11,5,10,0
261,high,1.000000,1.000000,11,5,10,0
262,high,1.000000,0.772727,11,5,10,1
263,high,1.000000,1.000000,11,5,10,0
264,high,1.000000,1.000000,11,5,10,0
265,high,1.000000,1.000000,11,5,10,0
266,high,0.750000,0.772727,11,5,10,1
267,high,1.000000,1.000000,11,5,10,0
268,high,0.750000,0.680233,11,5,10,2
269,high,1.000000,1.000000,11,5,10,0
270,high,0.555556,0.409091,11,5,10,1
271,high,0.416667,0.454545,11,5,10,0
272,high,0.650350,0.680233,11,5,11,0
273,high,0.555556,0.409091,11,5,10,1
274,high,1.000000,1.000000,11,5,10,0
275,high,1.000000,1.000000,11,5,10,0
276,high,1.000000,1.000000,11,5,10,1
277,high,0.750000,0.772727,11,5,10,1
278,high,1.000000,1.000000,11,5,10,0
279,high,0.416667,0.295455,11,5,10,1
280,high,1.000000,1.000000,11,5,10,0
281,high,1.000000,1.000000,11,5,10,0
282,high,0.750000,0.568182,11,5,10,1
283,high,1.000000,0.772727,11,5,10,0
284,high,0.750000,0.568182,11,5,10,1
285,high,0.305556,0.147287,11,5,10,2
286,high,1.000000,1.000000,11,5,10,0
287,high,0.555556,0.339147,11,5,10,2
288,high,1.000000,0.772727,11,5,10,1
289,high,1.000000,1.000000,11,5,10,0
290,high,1.000000,1.000000,11,5,10,0
291,high,0.555556,0.454545,11,5,10,0
292,high,1.000000,0.772727,11,5,10,1
293,high,1.000000,1.000000,11,5,10,0
294,high,0.416667,0.295455,11,5,10,1
295,high,0.555556,0.454545,11,5,10,0
296,high,1.000000,0.772727,11,5,10,1
297,high,1.000000,1.000000,11,5,10,0
298,high,1.000000,1.000000,11,5,10,0
299,high,1.000000,1.000000,11,5,10,0
300,high,1.000000,0.772727,11,5,10,1
301,high,1.000000,1.000000,11,5,10,0
302,high,1.000000,1.000000,11,5,10,0
303,high,0.750000,0.772727,11,5,10,0
304,high,0.416667,0.454545,11,5,10,0
305,high,0.555556,0.590909,11,5,10,1
306,high,1.000000,0.772727,11,5,10,1
307,high,1.000000,1.000000,11,5,10,0
308,high,1.000000,1.000000,11,5,10,0
309,high,1.000000,1.000000,11,5,10,1
310,high,0.750000,0.772727,11,5,10,0
311,high,0.555556,0.409091,11,5,10,1
312,high,0.750000,0.772727,11,5,10,0
313,high,0.750000,0.772727,11,5,10,1
314,high,0.555556,0.590909,11,5,10,1
315,high,0.555556,0.454545,11,5,10,0
316,high,1.000000,1.000000,11,5,10,0
317,high,1.000000,1.000000,11,5,10,1
318,high,1.000000,0.772727,11,5,10,0
319,high,1.000000,0.772727,11,5,10,0
320,high,1.000000,0.772727,11,5,10,0
321,high,1.000000,1.000000,11,5,10,0
322,high,1.000000,0.893411,11,5,10,2
323,high,1.000000,1.000000,11,5,10,0
324,high,1.000000,0.772727,11,5,10,1
325,high,0.750000,0.590909,11,5,10,0
326,high,1.000000,1.000000,11,5,10,0
327,high,1.000000,1.000000,11,5,10,0
328,high,1.000000,1.000000,11,5,10,0
329,high,1.000000,1.000000,11,5,10,0
330,high,1.000000,1.000000,11,5,10,0
331,high,1.000000,1.000000,11,5,10,0
332,high,1.000000,1.000000,11,5,10,0
333,high,1.000000,1.000000,11,5,10,1
334,high,1.000000,0.772727,11,5,10,0
335,high,0.305556,0.318182,11,5,10,1
336,high,1.000000,1.000000,11,5,10,0
337,high,1.000000,0.772727,11,5,10,0
338,high,0.750000,0.772727,11,5,10,0
339,high,1.000000,1.000000,11,5,10,0
340,high,1.000000,1.000000,11,5,10,0
341,high,0.555556,0.590909,11,5,10,0
342,high,1.000000,1.000000,11,5,10,1
343,high,0.333333,0.318182,11,5,10,0
344,high,1.000000,1.000000,11,5,10,0
345,high,1.000000,1.000000,11,5,10,0
346,high,0.750000,0.772727,11,5,10,0
347,high,1.000000,1.000000,11,5,10,0
348,high,0.555556,0.454545,11,5,10,0
349,high,0.650350,0.680233,11,5,11,1
350,high,0.750000,0.772727,11,5,10,0
351,high,1.000000,1.000000,11,5,10,0
352,high,1.000000,1.000000,11,5,10,0
353,high,1.000000,1.000000,11,5,10,0
354,high,0.361111,0.295455,11,5,10,1
355,high,0.555556,0.590909,11,5,10,0
356,high,0.750000,0.590909,11,5,10,0
357,high,1.000000,1.000000,11,5,10,0
358,high,0.416667,0.454545,11,5,10,0
359,high,1.000000,1.000000,11,5,10,0
360,high,1.000000,1.000000,11,5,10,0
361,high,0.750000,0.568182,11,5,10,1
362,high,0.555556,0.590909,11,5,10,0
363,high,1.000000,1.000000,11,5,10,0
364,high,1.000000,1.000000,11,5,10,0
365,high,1.000000,1.000000,11,5,10,0
366,high,0.750000,0.568182,11,5,10,1
367,high,1.000000,1.000000,11,5,10,0
368,high,1.000000,1.000000,11,5,10,0
369,high,1.000000,0.772727,11,5,10,1
370,high,0.555556,0.590909,11,5,10,0
371,high,0.750000,0.772727,11,5,10,0
372,high,1.000000,1.000000,11,5,10,0
373,high,1.000000,1.000000,11,5,10,0
374,high,0.750000,0.772727,11,5,10,0
375,high,1.000000,1.000000,11,5,10,1
376,high,1.000000,1.000000,11,5,10,0
377,high,0.537037,0.517544,11,5,18,1
378,high,1.000000,1.000000,11,5,10,0
379,high,1.000000,1.000000,11,5,10,0
380,high,1.000000,0.772727,11,5,10,1
381,high,1.000000,1.000000,11,5,10,0
382,high,0.194444,0.204545,11,5,10,0
383,high,1.000000,1.000000,11,5,10,1
384,high,0.555556,0.590909,11,5,10,0
385,high,0.111111,0.136364,11,5,10,1
386,high,1.000000,1.000000,11,5,10,0
387,high,1.000000,0.772727,11,5,10,1
388,high,0.416667,0.454545,11,5,10,0
389,high,1.000000,1.000000,11,5,10,0
390,high,1.000000,0.772727,11,5,10,0
391,high,1.000000,1.000000,11,5,10,0
392,high,0.750000,0.772727,11,5,10,1
393,high,0.555556,0.454545,11,5,10,0
394,high,0.555556,0.590909,11,5,10,1
395,high,1.000000,1.000000,11,5,10,1
396,high,0.416667,0.454545,11,5,10,1
397,high,1.000000,1.000000,11,5,10,0
398,high,1.000000,0.772727,11,5,10,1
399,high,1.000000,0.772727,11,5,10,0
400,high,1.000000,1.000000,11,5,10,0
401,high,0.750000,0.590909,11,5,10,1
402,high,0.750000,0.772727,11,5,10,1
403,high,0.555556,0.509690,11,5,10,2
404,high,1.000000,1.000000,11,5,10,0
405,high,1.000000,1.000000,11,5,10,0
406,high,1.000000,1.000000,11,5,10,0
407,high,0.555556,0.454545,11,5,10,1
408,high,0.087549,0.118467,11,5,13,1
409,high,1.000000,0.772727,11,5,10,1
410,high,1.000000,1.000000,11,5,10,0
411,high,0.261849,0.253876,11,5,11,1
412,high,0.750000,0.568182,11,5,10,1
413,high,1.000000,0.772727,11,5,10,1
414,high,1.000000,1.000000,11,5,10,0
415,high,1.000000,0.772727,11,5,10,1
416,high,1.000000,1.000000,11,5,10,0
417,high,1.000000,1.000000,11,5,10,0
418,high,0.555556,0.454545,11,5,10,0
419,high,1.000000,0.772727,11,5,10,1
420,high,1.000000,1.000000,11,5,10,0
421,high,1.000000,1.000000,11,5,10,0
422,high,1.000000,1.000000,11,5,10,0
423,high,0.416667,0.454545,11,5,10,0
424,high,1.000000,0.772727,11,5,10,1
425,high,1.000000,0.772727,11,5,10,0
426,high,1.000000,1.000000,11,5,10,1
427,high,1.000000,1.000000,11,5,10,0
428,high,0.416667,0.454545,11,5,10,0
429,high,0.555556,0.590909,11,5,10,1
430,high,1.000000,1.000000,11,5,10,0
431,high,1.000000,1.000000,11,5,10,0
432,high,1.000000,0.893411,11,5,10,2
433,high,1.000000,1.000000,11,5,10,0
434,high,1.000000,1.000000,11,5,10,0
435,high,1.000000,1.000000,11,5,10,0
436,high,0.555556,0.454545,11,5,10,0
437,high,1.000000,1.000000,11,5,10,0
438,high,1.000000,1.000000,11,5,10,0
439,high,1.000000,1.000000,11,5,10,0
440,high,1.000000,1.000000,11,5,10,1
441,high,1.000000,1.000000,11,5,10,0
442,high,1.000000,0.772727,11,5,10,0
443,high,1.000000,0.772727,11,5,10,0
444,high,1.000000,1.000000,11,5,10,1
445,high,1.000000,0.772727,11,5,10,0
446,high,1.000000,1.000000,11,5,10,0
447,high,1.000000,0.772727,11,5,10,0
448,high,1.000000,1.000000,11,5,10,0
449,high,1.000000,1.000000,11,5,10,1
450,high,1.000000,1.000000,11,5,10,0
451,high,0.750000,0.772727,11,5,10,0
452,high,0.333333,0.253876,11,5,10,2
453,high,1.000000,1.000000,11,5,10,0
454,high,0.555556,0.454545,11,5,10,0
455,high,0.613785,0.646199,11,5,17,2
456,high,1.000000,1.000000,11,5,10,0
457,high,1.000000,0.680233,11,5,10,2
458,high,0.750000,0.772727,11,5,10,1
459,high,0.750000,0.590909,11,5,10,0
460,high,0.416667,0.454545,11,5,10,1
461,high,1.000000,1.000000,11,5,10,0
462,high,1.000000,1.000000,11,5,10,0
463,high,1.000000,1.000000,11,5,10,1
464,high,1.000000,0.772727,11,5,10,0
465,high,1.000000,1.000000,11,5,10,0
466,high,0.555556,0.590909,11,5,10,0
467,high,1.000000,1.000000,11,5,10,0
468,high,1.000000,1.000000,11,5,10,0
469,high,0.339549,0.381783,11,5,11,0
470,high,1.000000,1.000000,11,5,10,0
471,high,1.000000,1.000000,11,5,10,0
472,high,1.000000,1.000000,11,5,10,0
473,high,1.000000,1.000000,11,5,10,0
474,high,0.750000,0.772727,11,5,10,1
475,high,0.750000,0.772727,11,5,10,1
476,high,1.000000,1.000000,11,5,10,0
477,high,1.000000,1.000000,11,5,10,1
478,high,1.000000,1.000000,11,5,10,0
479,high,1.000000,1.000000,11,5,10,0
480,high,0.750000,0.772727,11,5,10,0
481,high,1.000000,1.000000,11,5,10,0
482,high,0.555556,0.590909,11,5,10,0
483,high,1.000000,1.000000,11,5,10,0
484,high,0.750000,0.772727,11,5,10,1
485,high,1.000000,0.772727,11,5,10,0
486,high,1.000000,1.000000,11,5,10,0
487,high,1.000000,0.772727,11,5,10,1
488,high,1.000000,0.772727,11,5,10,0
489,high,1.000000,1.000000,11,5,10,0
490,high,0.750000,0.772727,11,5,10,0
491,high,0.555556,0.590909,11,5,10,0
492,high,0.210049,0.253876,11,5,11,1
493,high,0.750000,0.772727,11,5,10,0
494,high,0.750000,0.772727,11,5,10,1
495,high,1.000000,0.772727,11,5,10,1
496,high,0.750000,0.772727,11,5,10,1
497,high,1.000000,1.000000,11,5,10,1
498,high,1.000000,1.000000,11,5,10,0
499,high,0.750000,0.772727,11,5,10,0
500,high,1.000000,1.000000,11,5,10,0
501,high,1.000000,1.000000,11,5,10,0
502,high,1.000000,1.000000,11,5,10,0
503,high,1.000000,0.772727,11,5,10,0
504,high,1.000000,0.772727,11,5,10,0
505,high,1.000000,0.772727,11,5,10,0
506,high,0.416667,0.454545,11,5,10,0
507,high,1.000000,0.772727,11,5,10,1
508,high,1.000000,1.000000,11,5,10,1
509,high,0.750000,0.772727,11,5,10,0
510,high,0.750000,0.772727,11,5,10,0
511,high,1.000000,1.000000,11,5,10,1
512,high,1.000000,0.772727,11,5,10,0
513,high,0.750000,0.772727,11,5,10,0
514,high,0.750000,0.772727,11,5,10,0
515,high,1.000000,1.000000,11,5,10,0
516,high,1.000000,0.772727,11,5,10,0
517,high,1.000000,1.000000,11,5,10,0
518,high,0.416667,0.363636,11,5,10,0
519,high,0.333333,0.318182,11,5,10,0
520,high,0.750000,0.772727,11,5,10,1
521,high,1.000000,1.000000,11,5,10,0
522,high,0.750000,0.772727,11,5,10,0
523,high,0.750000,0.568182,11,5,10,1
524,high,0.555556,0.454545,11,5,10,0
525,high,1.000000,1.000000,11,5,10,0
526,high,1.000000,0.772727,11,5,10,0
527,high,1.000000,1.000000,11,5,10,0
528,high,1.000000,1.000000,11,5,10,1
529,high,1.000000,1.000000,11,5,10,0
530,high,1.000000,1.000000,11,5,10,0
531,high,1.000000,1.000000,11,5,10,0
532,high,0.555556,0.590909,11,5,10,0
533,high,0.750000,0.772727,11,5,10,0
534,high,1.000000,1.000000,11,5,10,0
535,high,1.000000,1.000000,11,5,10,0
536,high,0.555556,0.590909,11,5,10,0
537,high,0.416667,0.454545,11,5,10,0
538,high,0.305556,0.318182,11,5,10,0
539,high,1.000000,1.000000,11,5,10,0
540,high,0.750000,0.772727,11,5,10,1
541,high,1.000000,1.000000,11,5,10,1
542,high,0.750000,0.772727,11,5,10,0
543,high,1.000000,1.000000,11,5,10,0
544,high,0.750000,0.772727,11,5,10,0
545,high,1.000000,1.000000,11,5,10,0
546,high,1.000000,1.000000,11,5,10,0
547,high,1.000000,1.000000,11,5,10,1
548,high,1.000000,0.772727,11,5,10,1
549,high,1.000000,0.772727,11,5,10,1
550,high,1.000000,0.772727,11,5,10,0
551,high,0.361111,0.272727,11,5,10,1
552,high,1.000000,1.000000,11,5,10,1
553,high,1.000000,1.000000,11,5,10,0
554,high,1.000000,1.000000,11,5,10,0
555,high,0.250000,0.295455,11,5,10,1
556,high,0.750000,0.772727,11,5,10,0
557,high,1.000000,0.772727,11,5,10,0
558,high,1.000000,1.000000,11,5,10,0
559,high,1.000000,1.000000,11,5,10,0
560,high,0.305556,0.318182,11,5,10,0
561,high,1.000000,1.000000,11,5,10,0
562,high,1.000000,1.000000,11,5,10,0
563,high,0.750000,0.772727,11,5,10,0
564,high,0.555556,0.590909,11,5,10,0
565,high,0.750000,0.772727,11,5,10,0
566,high,0.750000,0.568182,11,5,10,1
567,high,0.750000,0.772727,11,5,10,0
568,high,1.000000,1.000000,11,5,10,0
569,high,1.000000,1.000000,11,5,10,0
570,high,0.750000,0.590909,11,5,10,0
571,high,1.000000,1.000000,11,5,10,0
572,high,1.000000,1.000000,11,5,10,0
573,high,1.000000,0.772727,11,5,10,1
574,high,1.000000,0.772727,11,5,10,0
575,high,1.000000,1.000000,11,5,10,0
576,high,1.000000,1.000000,11,5,10,0
577,high,0.750000,0.772727,11,5,10,0
578,high,0.138889,0.136364,11,5,10,0
579,high,0.416667,0.454545,11,5,10,0
580,high,1.000000,1.000000,11,5,10,0
581,high,1.000000,1.000000,11,5,10,0
582,high,0.305556,0.318182,11,5,10,0
583,high,0.750000,0.772727,11,5,10,0
584,high,1.000000,1.000000,11,5,10,0
585,high,1.000000,0.772727,11,5,10,1
586,high,1.000000,1.000000,11,5,10,0
587,high,0.555556,0.409091,11,5,10,1
588,high,1.000000,1.000000,11,5,10,0
589,high,1.000000,1.000000,11,5,10,0
590,high,1.000000,1.000000,11,5,10,0
591,high,0.305556,0.318182,11,5,10,0
592,high,0.555556,0.590909,11,5,10,0
593,high,0.750000,0.772727,11,5,10,0
594,high,0.750000,0.772727,11,5,10,0
595,high,0.750000,0.772727,11,5,10,0
596,high,1.000000,1.000000,11,5,10,0
597,high,1.000000,1.000000,11,5,10,0
598,high,1.000000,0.772727,11,5,10,1
599,high,1.000000,1.000000,11,5,10,0
600,high,1.000000,1.000000,11,5,10,1
601,high,0.750000,0.772727,11,5,10,0
602,high,0.750000,0.772727,11,5,10,0
603,high,1.000000,1.000000,11,5,10,1
604,high,0.750000,0.772727,11,5,10,0
605,high,0.527778,0.568182,11,5,10,0
606,high,1.000000,1.000000,11,5,10,1
607,high,1.000000,0.772727,11,5,10,0
608,high,1.000000,1.000000,11,5,10,0
609,high,1.000000,1.000000,11,5,10,0
610,high,1.000000,1.000000,11,5,10,0
611,high,1.000000,1.000000,11,5,10,1
612,high,1.000000,0.772727,11,5,10,0
613,high,0.555556,0.454545,11,5,10,0
614,high,1.000000,1.000000,11,5,10,0
615,high,0.351852,0.245098,11,5,20,0
616,high,1.000000,1.000000,11,5,10,0
617,high,0.333333,0.227273,11,5,10,1
618,high,0.750000,0.772727,11,5,10,1
619,high,0.416667,0.363636,11,5,10,1
620,high,1.000000,1.000000,11,5,10,0
621,high,0.750000,0.772727,11,5,10,0
622,high,0.750000,0.772727,11,5,10,0
623,high,0.750000,0.772727,11,5,10,0
624,high,0.750000,0.772727,11,5,10,0
625,high,0.750000,0.772727,11,5,10,0
626,high,0.750000,0.772727,11,5,10,0
627,high,1.000000,0.772727,11,5,10,1
628,high,0.555556,0.590909,11,5,10,0
629,high,0.305556,0.318182,11,5,10,0
630,high,0.416667,0.454545,11,5,10,0
631,high,0.750000,0.590909,11,5,10,0
632,high,1.000000,1.000000,11,5,10,0
633,high,1.000000,1.000000,11,5,10,0
634,high,0.555556,0.454545,11,5,10,0
635,high,1.000000,0.772727,11,5,10,0
636,high,1.000000,0.772727,11,5,10,0
637,high,0.527778,0.568182,11,5,10,0
638,high,1.000000,1.000000,11,5,10,0
639,high,1.000000,1.000000,11,5,10,0
640,high,1.000000,1.000000,11,5,10,0
641,high,0.305556,0.318182,11,5,10,0
642,high,1.000000,1.000000,11,5,10,0
643,high,1.000000,0.772727,11,5,10,0
644,high,1.000000,1.000000,11,5,10,0
645,high,0.134199,0.073370,11,5,22,0
646,high,0.750000,0.590909,11,5,10,0
647,high,1.000000,1.000000,11,5,10,0
648,high,1.000000,1.000000,11,5,10,0
649,high,0.735450,0.559295,11,5,15,0
650,high,1.000000,1.000000,11,5,10,0
651,high,1.000000,1.000000,11,5,10,0
652,high,1.000000,0.772727,11,5,10,0
653,high,1.000000,1.000000,11,5,10,0
654,high,1.000000,1.000000,11,5,10,0
655,high,1.000000,1.000000,11,5,10,0
656,high,1.000000,0.772727,11,5,10,0
657,high,1.000000,0.772727,11,5,10,0
658,high,1.000000,1.000000,11,5,10,0
659,high,1.000000,1.000000,11,5,10,0
660,high,1.000000,1.000000,11,5,10,0
661,high,0.555556,0.454545,11,5,10,0
662,high,1.000000,1.000000,11,5,10,0
663,high,1.000000,1.000000,11,5,10,0
664,high,1.000000,1.000000,11,5,10,0
665,high,1.000000,1.000000,11,5,10,0
666,high,0.750000,0.590909,11,5,10,0
667,high,0.613785,0.471471,11,5,17,0
668,high,1.000000,1.000000,11,5,10,0
669,high,1.000000,0.772727,11,5,10,0
670,high,1.000000,1.000000,11,5,10,0
671,high,0.333333,0.363636,11,5,10,0
672,high,1.000000,1.000000,11,5,10,0
673,high,0.555556,0.590909,11,5,10,0
674,high,0.416667,0.454545,11,5,10,0
675,high,1.000000,1.000000,11,5,10,0
676,high,0.750000,0.772727,11,5,10,0
677,high,1.000000,1.000000,11,5,10,0
678,high,1.000000,0.772727,11,5,10,0
679,high,1.000000,1.000000,11,5,10,0
680,high,1.000000,1.000000,11,5,10,0
681,high,1.000000,0.772727,11,5,10,0
682,high,0.416667,0.363636,11,5,10,0
683,high,0.555556,0.590909,11,5,10,0
684,high,0.555556,0.590909,11,5,10,0
685,high,0.750000,0.590909,11,5,10,0
686,high,1.000000,1.000000,11,5,10,0
687,high,1.000000,1.000000,11,5,10,0
688,high,1.000000,1.000000,11,5,10,0
689,high,1.000000,1.000000,11,5,10,0
690,high,0.527778,0.568182,11,5,10,0
691,high,1.000000,1.000000,11,5,10,0
692,high,1.000000,0.772727,11,5,10,0
693,high,0.333333,0.318182,11,5,10,0
694,high,0.555556,0.590909,11,5,10,0
695,high,0.544974,0.418269,11,5,15,0
696,high,0.333333,0.363636,11,5,10,0
697,high,0.750000,0.772727,11,5,10,0
698,high,1.000000,0.772727,11,5,10,0
699,high,1.000000,1.000000,11,5,10,0
700,high,1.000000,0.772727,11,5,10,0
701,high,1.000000,1.000000,11,5,10,0
702,high,1.000000,1.000000,11,5,10,0
703,high,1.000000,1.000000,11,5,10,0
704,high,0.750000,0.772727,11,5,10,0
705,high,0.750000,0.772727,11,5,10,0
706,high,1.000000,1.000000,11,5,10,0
707,high,0.555556,0.590909,11,5,10,0
708,high,1.000000,1.000000,11,5,10,0
709,high,0.750000,0.772727,11,5,10,0
710,high,1.000000,1.000000,11,5,10,0
711,high,1.000000,0.772727,11,5,10,0
712,high,1.000000,1.000000,11,5,10,0
713,high,1.000000,1.000000,11,5,10,0
714,high,0.555556,0.590909,11,5,10,0
715,high,1.000000,0.772727,11,5,10,0
716,high,1.000000,1.000000,11,5,10,0
717,high,1.000000,0.772727,11,5,10,0
718,high,1.000000,1.000000,11,5,10,0
719,high,0.291005,0.241987,11,5,15,0
720,high,1.000000,1.000000,11,5,10,0
721,high,0.305556,0.318182,11,5,10,0
722,high,1.000000,0.772727,11,5,10,0
723,high,1.000000,1.000000,11,5,10,0
724,high,1.000000,1.000000,11,5,10,0
725,high,0.416667,0.454545,11,5,10,0
726,high,0.555556,0.454545,11,5,10,0
727,high,0.750000,0.772727,11,5,10,0
728,high,1.000000,1.000000,11,5,10,0
729,high,1.000000,1.000000,11,5,10,0
730,high,0.555556,0.590909,11,5,10,0
731,high,0.333333,0.318182,11,5,10,0
732,high,0.750000,0.772727,11,5,10,0
733,high,0.750000,0.772727,11,5,10,0
734,high,0.750000,0.590909,11,5,10,0
735,high,1.000000,1.000000,11,5,10,0
736,high,0.750000,0.590909,11,5,10,0
737,high,1.000000,1.000000,11,5,10,0
738,high,0.750000,0.590909,11,5,10,0
739,high,0.650350,0.509690,11,5,11,0
740,high,1.000000,1.000000,11,5,10,0
741,high,1.000000,1.000000,11,5,10,0
742,high,1.000000,1.000000,11,5,10,0
743,high,0.750000,0.590909,11,5,10,0
744,high,0.750000,0.590909,11,5,10,0
745,high,0.305556,0.318182,11,5,10,0
746,high,1.000000,0.772727,11,5,10,0
747,high,0.613785,0.471471,11,5,17,0
748,high,0.305556,0.318182,11,5,10,0
749,high,1.000000,0.772727,11,5,10,0
750,high,1.000000,0.772727,11,5,10,0
751,high,1.000000,1.000000,11,5,10,0
752,high,1.000000,1.000000,11,5,10,0
753,high,0.416667,0.363636,11,5,10,0
754,high,0.333333,0.363636,11,5,10,0
755,high,1.000000,1.000000,11,5,10,0
756,high,1.000000,1.000000,11,5,10,0
757,high,0.750000,0.772727,11,5,10,0
758,high,0.555556,0.590909,11,5,10,0
759,high,0.750000,0.772727,11,5,10,0
760,high,0.416667,0.363636,11,5,10,0
761,high,0.555556,0.590909,11,5,10,0
762,high,1.000000,1.000000,11,5,10,0
763,high,1.000000,1.000000,11,5,10,0
764,high,1.000000,1.000000,11,5,10,0
765,high,0.555556,0.454545,11,5,10,0
766,high,0.750000,0.772727,11,5,10,0
767,high,0.750000,0.772727,11,5,10,0
768,high,1.000000,0.772727,11,5,10,0
769,high,1.000000,1.000000,11,5,10,0
770,high,0.750000,0.590909,11,5,10,0
771,high,1.000000,1.000000,11,5,10,0
772,high,1.000000,1.000000,11,5,10,0
773,high,1.000000,0.772727,11,5,10,0
774,high,1.000000,1.000000,11,5,10,0
775,high,0.672068,0.517544,11,5,18,0
776,high,1.000000,0.772727,11,5,10,0
777,high,1.000000,1.000000,11,5,10,0
778,high,0.750000,0.590909,11,5,10,0
779,high,1.000000,0.772727,11,5,10,0
780,high,0.555556,0.454545,11,5,10,0
781,high,0.333333,0.363636,11,5,10,0
782,high,0.750000,0.772727,11,5,10,0
783,high,1.000000,1.000000,11,5,10,0
784,high,0.750000,0.590909,11,5,10,0
785,high,1.000000,1.000000,11,5,10,0
786,high,1.000000,1.000000,11,5,10,0
787,high,1.000000,1.000000,11,5,10,0
788,high,1.000000,1.000000,11,5,10,0
789,high,1.000000,0.772727,11,5,10,0
790,high,0.555556,0.454545,11,5,10,0
791,high,1.000000,1.000000,11,5,10,0
792,high,1.000000,1.000000,11,5,10,0
793,high,1.000000,1.000000,11,5,10,0
794,high,1.000000,1.000000,11,5,10,0
795,high,1.000000,1.000000,11,5,10,0
796,high,0.750000,0.590909,11,5,10,0
797,high,1.000000,1.000000,11,5,10,0
798,high,0.750000,0.590909,11,5,10,0
799,high,0.750000,0.590909,11,5,10,0
800,high,1.000000,1.000000,11,5,10,0
801,high,1.000000,1.000000,11,5,10,0
802,high,1.000000,1.000000,11,5,10,0
803,high,1.000000,1.000000,11,5,10,0
804,high,0.416667,0.363636,11,5,10,0
805,high,1.000000,1.000000,11,5,10,0
806,high,1.000000,1.000000,11,5,10,0
807,high,1.000000,1.000000,11,5,10,0
808,high,0.416667,0.454545,11,5,10,0
809,high,1.000000,1.000000,11,5,10,0
810,high,1.000000,1.000000,11,5,10,0
811,high,0.750000,0.590909,11,5,10,0
812,high,1.000000,1.000000,11,5,10,0
813,high,1.000000,1.000000,11,5,10,0
814,high,0.555556,0.454545,11,5,10,0
815,high,1.000000,1.000000,11,5,10,0
816,high,1.000000,1.000000,11,5,10,0
817,high,1.000000,1.000000,11,5,10,0
818,high,0.750000,0.772727,11,5,10,0
819,high,0.750000,0.772727,11,5,10,0
820,high,0.750000,0.772727,11,5,10,0
821,high,1.000000,1.000000,11,5,10,0
822,high,0.750000,0.590909,11,5,10,0
823,high,1.000000,1.000000,11,5,10,0
824,high,0.333333,0.363636,11,5,10,0
825,high,1.000000,1.000000,11,5,10,0
826,high,1.000000,1.000000,11,5,10,0
827,high,0.750000,0.590909,11,5,10,0
828,high,0.555556,0.590909,11,5,10,0
829,high,0.750000,0.590909,11,5,10,0
830,high,0.555556,0.454545,11,5,10,0
831,high,0.750000,0.590909,11,5,10,0
832,high,1.000000,1.000000,11,5,10,0
833,high,1.000000,0.772727,11,5,10,0
834,high,1.000000,0.772727,11,5,10,0
835,high,1.000000,0.772727,11,5,10,0
836,high,1.000000,0.772727,11,5,10,0
837,high,0.750000,0.772727,11,5,10,0
838,high,1.000000,1.000000,11,5,10,0
839,high,1.000000,0.772727,11,5,10,0
840,high,1.000000,1.000000,11,5,10,0
841,high,1.000000,1.000000,11,5,10,0
842,high,0.750000,0.772727,11,5,10,0
843,high,0.333333,0.318182,11,5,10,0
844,high,0.750000,0.772727,11,5,10,0
845,high,1.000000,1.000000,11,5,10,0
846,high,1.000000,1.000000,11,5,10,0
847,high,0.750000,0.590909,11,5,10,0
848,high,1.000000,0.772727,11,5,10,0
849,high,1.000000,1.000000,11,5,10,0
850,high,1.000000,0.772727,11,5,10,0
851,high,1.000000,1.000000,11,5,10,0
852,high,1.000000,1.000000,11,5,10,0
853,high,1.000000,1.000000,11,5,10,0
854,high,0.750000,0.590909,11,5,10,0
855,high,1.000000,1.000000,11,5,10,0
856,high,1.000000,0.772727,11,5,10,0
857,high,1.000000,1.000000,11,5,10,0
858,high,1.000000,1.000000,11,5,10,0
859,high,1.000000,1.000000,11,5,10,0
860,high,1.000000,0.772727,11,5,10,0
861,high,1.000000,1.000000,11,5,10,0
862,high,1.000000,0.772727,11,5,10,0
863,high,0.750000,0.590909,11,5,10,0
864,high,1.000000,1.000000,11,5,10,0
865,high,1.000000,0.772727,11,5,10,0
866,high,1.000000,1.000000,11,5,10,0
867,high,1.000000,1.000000,11,5,10,0
868,high,1.000000,1.000000,11,5,10,0
869,high,0.750000,0.590909,11,5,10,0
870,high,1.000000,1.000000,11,5,10,0
871,high,1.000000,1.000000,11,5,10,0
872,high,1.000000,0.772727,11,5,10,0
873,high,0.261849,0.253876,11,5,11,0
874,high,0.555556,0.454545,11,5,10,0
875,high,1.000000,1.000000,11,5,10,0
876,high,1.000000,1.000000,11,5,10,0
877,high,0.750000,0.590909,11,5,10,0
878,high,0.750000,0.590909,11,5,10,0
879,high,0.555556,0.454545,11,5,10,0
880,high,0.750000,0.590909,11,5,10,0
881,high,1.000000,1.000000,11,5,10,0
882,high,1.000000,1.000000,11,5,10,0
883,high,0.750000,0.772727,11,5,10,0
884,high,1.000000,0.772727,11,5,10,0
885,high,1.000000,1.000000,11,5,10,0
886,high,0.750000,0.772727,11,5,10,0
887,high,1.000000,1.000000,11,5,10,0
888,high,1.000000,1.000000,11,5,10,0
889,high,1.000000,1.000000,11,5,10,0
890,high,1.000000,1.000000,11,5,10,0
891,high,0.416667,0.454545,11,5,10,0
892,high,1.000000,1.000000,11,5,10,0
893,high,1.000000,1.000000,11,5,10,0
894,high,1.000000,1.000000,11,5,10,0
895,high,1.000000,1.000000,11,5,10,0
896,high,0.555556,0.454545,11,5,10,0
897,high,1.000000,1.000000,11,5,10,0
898,high,0.544974,0.418269,11,5,15,0
899,high,0.750000,0.590909,11,5,10,0
900,high,0.555556,0.590909,11,5,10,0
901,high,0.555556,0.454545,11,5,10,0
902,high,0.416667,0.454545,11,5,10,0
903,high,1.000000,0.772727,11,5,10,0
904,high,0.585770,0.456044,11,5,12,0
905,high,0.555556,0.454545,11,5,10,0
906,high,1.000000,1.000000,11,5,10,0
907,high,1.000000,1.000000,11,5,10,0
908,high,0.750000,0.590909,11,5,10,0
909,high,0.555556,0.454545,11,5,10,0
910,high,0.416667,0.454545,11,5,10,0
911,high,1.000000,1.000000,11,5,10,0
912,high,0.750000,0.772727,11,5,10,0
913,high,0.750000,0.590909,11,5,10,0
914,high,0.750000,0.772727,11,5,10,0
915,high,1.000000,1.000000,11,5,10,0
916,high,1.000000,1.000000,11,5,10,0
917,high,0.750000,0.590909,11,5,10,0
918,high,1.000000,1.000000,11,5,10,0
919,high,1.000000,1.000000,11,5,10,0
920,high,1.000000,1.000000,11,5,10,0
921,high,1.000000,1.000000,11,5,10,0
922,high,1.000000,1.000000,11,5,10,0
923,high,0.593979,0.454955,11,5,17,0
924,high,0.333333,0.318182,11,5,10,0
925,high,0.750000,0.772727,11,5,10,0
926,high,1.000000,1.000000,11,5,10,0
927,high,1.000000,1.000000,11,5,10,0
928,high,1.000000,0.772727,11,5,10,0
929,high,1.000000,1.000000,11,5,10,0
930,high,0.333333,0.363636,11,5,10,0
931,high,0.333333,0.363636,11,5,10,0
932,high,1.000000,1.000000,11,5,10,0
933,high,1.000000,0.772727,11,5,10,0
934,high,1.000000,1.000000,11,5,10,0
935,high,0.555556,0.590909,11,5,10,0
936,high,0.295449,0.233449,11,5,13,0
937,high,1.000000,1.000000,11,5,10,0
938,high,1.000000,1.000000,11,5,10,0
939,high,1.000000,1.000000,11,5,10,0
940,high,1.000000,1.000000,11,5,10,0
941,high,1.000000,1.000000,11,5,10,0
942,high,0.745331,0.575714,11,5,19,0
943,high,0.469049,0.381783,11,5,11,0
944,high,1.000000,1.000000,11,5,10,0
945,high,1.000000,1.000000,11,5,10,0
946,high,0.754902,0.574303,11,5,16,0
947,high,0.750000,0.590909,11,5,10,0
948,high,0.416667,0.363636,11,5,10,0
949,high,0.750000,0.772727,11,5,10,0
950,high,1.000000,0.772727,11,5,10,0
951,high,1.000000,0.772727,11,5,10,0
952,high,1.000000,1.000000,11,5,10,0
953,high,1.000000,0.772727,11,5,10,0
954,high,1.000000,0.772727,11,5,10,0
955,high,1.000000,1.000000,11,5,10,0
956,high,1.000000,1.000000,11,5,10,0
957,high,1.000000,0.772727,11,5,10,0
958,high,1.000000,1.000000,11,5,10,0
959,high,1.000000,1.000000,11,5,10,0
960,high,1.000000,1.000000,11,5,10,0
961,high,1.000000,0.772727,11,5,10,0
962,high,1.000000,1.000000,11,5,10,0
963,high,1.000000,0.772727,11,5,10,0
964,high,1.000000,1.000000,11,5,10,0
965,high,1.000000,1.000000,11,5,10,0
966,high,0.555556,0.454545,11,5,10,0
967,high,1.000000,1.000000,11,5,10,0
968,high,1.000000,1.000000,11,5,10,0
969,high,1.000000,0.772727,11,5,10,0
970,high,0.750000,0.590909,11,5,10,0
971,high,1.000000,1.000000,11,5,10,0
972,high,1.000000,0.772727,11,5,10,0
973,high,1.000000,1.000000,11,5,10,0
974,high,1.000000,0.772727,11,5,10,0
975,high,1.000000,0.772727,11,5,10,0
976,high,0.333333,0.363636,11,5,10,0
977,high,1.000000,0.772727,11,5,10,0
978,high,0.750000,0.590909,11,5,10,0
979,high,1.000000,1.000000,11,5,10,0
980,high,1.000000,1.000000,11,5,10,0
981,high,0.750000,0.590909,11,5,10,0
982,high,0.750000,0.590909,11,5,10,0
983,high,0.415205,0.335165,11,5,12,0
984,high,0.613785,0.471471,11,5,17,0
985,high,1.000000,1.000000,11,5,10,0
986,high,1.000000,1.000000,11,5,10,0
987,high,1.000000,0.772727,11,5,10,0
988,high,1.000000,1.000000,11,5,10,0
989,high,1.000000,1.000000,11,5,10,0
990,high,1.000000,1.000000,11,5,10,0
991,high,1.000000,0.772727,11,5,10,0
992,high,0.555556,0.454545,11,5,10,0
993,high,1.000000,1.000000,11,5,10,0
994,high,0.750000,0.772727,11,5,10,0
995,high,0.305556,0.318182,11,5,10,0
996,high,1.000000,1.000000,11,5,10,0
997,high,1.000000,1.000000,11,5,10,0
998,high,1.000000,1.000000,11,5,10,0
999,high,1.000000,1.000000,11,5,10,0
1000,high,1.000000,1.000000,11,5,10,0
1,low_medium,1.000000,0.772727,11,5,10,1
2,low_medium,1.000000,0.772727,11,5,10,1
3,low_medium,0.750000,0.680233,11,5,10,2
4,low_medium,1.000000,0.772727,11,5,10,1
5,low_medium,1.000000,1.000000,11,5,10,0
6,low_medium,1.000000,0.772727,11,5,10,0
7,low_medium,1.000000,1.000000,11,5,10,0
8,low_medium,1.000000,1.000000,11,5,10,0
9,low_medium,1.000000,0.772727,11,5,10,1
10,low_medium,1.000000,0.772727,11,5,10,1
11,low_medium,1.000000,0.680233,11,5,10,2
12,low_medium,1.000000,0.772727,11,5,10,1
13,low_medium,1.000000,0.772727,11,5,10,1
14,low_medium,1.000000,0.680233,11,5,10,2
15,low_medium,1.000000,0.772727,11,5,10,1
16,low_medium,1.000000,1.000000,11,5,10,0
17,low_medium,0.469049,0.339147,11,5,11,1
18,low_medium,0.555556,0.409091,11,5,10,1
19,low_medium,0.750000,0.488372,11,5,10,2
20,low_medium,1.000000,0.680233,11,5,10,2
21,low_medium,1.000000,0.772727,11,5,10,1
22,low_medium,0.555556,0.454545,11,5,10,1
23,low_medium,1.000000,0.597070,11,5,10,3
24,low_medium,1.000000,0.772727,11,5,10,1
25,low_medium,0.750000,0.772727,11,5,10,0
26,low_medium,0.750000,0.772727,11,5,10,0
27,low_medium,1.000000,1.000000,11,5,10,0
28,low_medium,1.000000,0.597070,11,5,10,3
29,low_medium,1.000000,0.772727,11,5,10,1
30,low_medium,0.750000,0.590909,11,5,10,0
31,low_medium,1.000000,1.000000,11,5,10,0
32,low_medium,0.333333,0.363636,11,5,10,0
33,low_medium,0.750000,0.568182,11,5,10,1
34,low_medium,0.555556,0.590909,11,5,10,0
35,low_medium,1.000000,1.000000,11,5,10,0
36,low_medium,0.333333,0.318182,11,5,10,0
37,low_medium,0.333333,0.363636,11,5,10,0
38,low_medium,1.000000,0.772727,11,5,10,0
39,low_medium,1.000000,1.000000,11,5,10,0
40,low_medium,1.000000,0.772727,11,5,10,0
41,low_medium,1.000000,0.772727,11,5,10,0
42,low_medium,0.750000,0.597070,11,5,10,3
43,low_medium,1.000000,0.772727,11,5,10,1
44,low_medium,1.000000,0.680233,11,5,10,2
45,low_medium,1.000000,1.000000,11,5,10,0
46,low_medium,1.000000,1.000000,11,5,10,0
47,low_medium,0.750000,0.772727,11,5,10,0
48,low_medium,0.469049,0.381783,11,5,11,0
49,low_medium,0.555556,0.590909,11,5,10,0
50,low_medium,0.220273,0.214286,11,5,12,0
51,low_medium,1.000000,0.597070,11,5,10,3
52,low_medium,0.750000,0.590909,11,5,10,0
53,low_medium,1.000000,1.000000,11,5,10,0
54,low_medium,0.735450,0.560000,11,5,14,0
55,low_medium,0.222222,0.181818,11,5,10,0
56,low_medium,1.000000,1.000000,11,5,10,0
57,low_medium,1.000000,1.000000,11,5,10,0
58,low_medium,0.555556,0.590909,11,5,10,0
59,low_medium,0.555556,0.454545,11,5,10,0
60,low_medium,1.000000,0.680233,11,5,10,2
61,low_medium,0.527778,0.568182,11,5,10,0
62,low_medium,0.750000,0.568182,11,5,10,1
63,low_medium,1.000000,0.772727,11,5,10,0
64,low_medium,0.416667,0.295455,11,5,10,1
65,low_medium,0.361111,0.295455,11,5,10,0
66,low_medium,0.750000,0.590909,11,5,10,0
67,low_medium,0.750000,0.509690,11,5,10,2
68,low_medium,0.555556,0.381783,11,5,10,2
69,low_medium,1.000000,0.597070,11,5,10,3
70,low_medium,1.000000,1.000000,11,5,10,0
71,low_medium,1.000000,0.893411,11,5,10,2
72,low_medium,1.000000,0.772727,11,5,10,1
73,low_medium,0.416667,0.381783,11,5,10,2
74,low_medium,0.650350,0.509690,11,5,11,1
75,low_medium,0.750000,0.590909,11,5,10,1
76,low_medium,0.752426,0.570571,11,5,17,0
77,low_medium,0.805068,0.578397,11,5,12,2
78,low_medium,1.000000,0.772727,11,5,10,1
79,low_medium,0.555556,0.274725,11,5,10,3
80,low_medium,0.555556,0.339147,11,5,10,2
81,low_medium,1.000000,0.772727,11,5,10,1
82,low_medium,0.235949,0.253876,11,5,11,1
83,low_medium,0.750000,0.590909,11,5,10,0
84,low_medium,1.000000,1.000000,11,5,10,0
85,low_medium,1.000000,0.597070,11,5,10,3
86,low_medium,1.000000,0.520906,11,5,10,4
87,low_medium,1.000000,1.000000,11,5,10,0
88,low_medium,0.555556,0.454545,11,5,10,0
89,low_medium,1.000000,0.680233,11,5,10,2
90,low_medium,1.000000,0.680233,11,5,10,2
91,low_medium,0.750000,0.488372,11,5,10,2
92,low_medium,0.750000,0.590909,11,5,10,0
93,low_medium,0.555556,0.454545,11,5,10,0
94,low_medium,0.750000,0.597070,11,5,10,3
95,low_medium,0.750000,0.568182,11,5,10,1
96,low_medium,0.750000,0.488372,11,5,10,2
97,low_medium,0.750000,0.772727,11,5,10,0
98,low_medium,1.000000,1.000000,11,5,10,0
99,low_medium,1.000000,0.772727,11,5,10,1
100,low_medium,1.000000,1.000000,11,5,10,0
101,low_medium,1.000000,1.000000,11,5,10,0
102,low_medium,1.000000,0.680233,11,5,10,2
103,low_medium,1.000000,1.000000,11,5,10,0
104,low_medium,1.000000,0.772727,11,5,10,0
105,low_medium,1.000000,1.000000,11,5,10,0
106,low_medium,1.000000,0.772727,11,5,10,0
107,low_medium,1.000000,1.000000,11,5,10,0
108,low_medium,0.305556,0.318182,11,5,10,1
109,low_medium,0.750000,0.568182,11,5,10,1
110,low_medium,0.650350,0.509690,11,5,11,0
111,low_medium,0.750000,0.590909,11,5,10,0
112,low_medium,0.555556,0.409091,11,5,10,1
113,low_medium,0.750000,0.568182,11,5,10,1
114,low_medium,1.000000,0.772727,11,5,10,0
115,low_medium,1.000000,1.000000,11,5,10,0
116,low_medium,1.000000,1.000000,11,5,10,0
117,low_medium,0.750000,0.509690,11,5,10,2
118,low_medium,1.000000,0.772727,11,5,10,1
119,low_medium,0.171540,0.194139,11,5,12,0
120,low_medium,1.000000,0.680233,11,5,10,2
121,low_medium,0.555556,0.590909,11,5,10,0
122,low_medium,0.750000,0.772727,11,5,10,0
123,low_medium,1.000000,0.772727,11,5,10,0
124,low_medium,0.750000,0.435897,11,5,10,3
125,low_medium,1.000000,0.772727,11,5,10,1
126,low_medium,1.000000,0.772727,11,5,10,1
127,low_medium,1.000000,0.680233,11,5,10,2
128,low_medium,1.000000,1.000000,11,5,10,0
129,low_medium,1.000000,0.680233,11,5,10,2
130,low_medium,0.305556,0.093407,11,5,10,3
131,low_medium,1.000000,0.798535,11,5,10,3
132,low_medium,1.000000,0.772727,11,5,10,1
133,low_medium,1.000000,0.680233,11,5,10,2
134,low_medium,1.000000,1.000000,11,5,10,0
135,low_medium,1.000000,0.680233,11,5,10,2
136,low_medium,1.000000,0.680233,11,5,10,2
137,low_medium,0.333333,0.363636,11,5,10,0
138,low_medium,0.555556,0.454545,11,5,10,0
139,low_medium,1.000000,1.000000,11,5,10,0
140,low_medium,1.000000,0.772727,11,5,10,1
141,low_medium,0.305556,0.318182,11,5,10,1
142,low_medium,1.000000,1.000000,11,5,10,0
143,low_medium,1.000000,0.772727,11,5,10,1
144,low_medium,1.000000,0.597070,11,5,10,3
145,low_medium,0.305556,0.318182,11,5,10,1
146,low_medium,1.000000,0.680233,11,5,10,2
147,low_medium,0.339549,0.296512,11,5,11,1
148,low_medium,1.000000,1.000000,11,5,10,0
149,low_medium,0.333333,0.318182,11,5,10,1
150,low_medium,1.000000,0.772727,11,5,10,1
151,low_medium,0.132349,0.113553,11,5,11,2
152,low_medium,1.000000,0.772727,11,5,10,0
153,low_medium,1.000000,0.772727,11,5,10,1
154,low_medium,0.235949,0.093407,11,5,11,2
155,low_medium,1.000000,0.680233,11,5,10,2
156,low_medium,1.000000,0.772727,11,5,10,1
157,low_medium,1.000000,0.772727,11,5,10,1
158,low_medium,0.305556,0.204545,11,5,10,1
159,low_medium,0.250000,0.133700,11,5,10,3
160,low_medium,0.750000,0.435897,11,5,10,3
161,low_medium,0.555556,0.435897,11,5,10,3
162,low_medium,1.000000,0.772727,11,5,10,1
163,low_medium,0.138889,0.032967,11,5,10,3
164,low_medium,1.000000,0.772727,11,5,10,1
165,low_medium,1.000000,0.772727,11,5,10,1
166,low_medium,1.000000,0.680233,11,5,10,2
167,low_medium,0.305556,0.204545,11,5,10,1
168,low_medium,1.000000,0.772727,11,5,10,1
169,low_medium,1.000000,0.680233,11,5,10,2
170,low_medium,0.750000,0.680233,11,5,10,2
171,low_medium,1.000000,1.000000,11,5,10,0
172,low_medium,0.750000,0.568182,11,5,10,1
173,low_medium,1.000000,1.000000,11,5,10,0
174,low_medium,0.555556,0.454545,11,5,10,1
175,low_medium,0.750000,0.509690,11,5,10,2
176,low_medium,1.000000,0.893411,11,5,10,2
177,low_medium,1.000000,1.000000,11,5,10,0
178,low_medium,1.000000,0.772727,11,5,10,0
179,low_medium,1.000000,1.000000,11,5,10,0
180,low_medium,1.000000,1.000000,11,5,10,0
181,low_medium,1.000000,0.772727,11,5,10,0
182,low_medium,1.000000,1.000000,11,5,10,0
183,low_medium,1.000000,1.000000,11,5,10,0
184,low_medium,1.000000,1.000000,11,5,10,0
185,low_medium,1.000000,1.000000,11,5,10,0
186,low_medium,1.000000,1.000000,11,5,10,0
187,low_medium,0.555556,0.454545,11,5,10,0
188,low_medium,1.000000,1.000000,11,5,10,0
189,low_medium,1.000000,1.000000,11,5,10,0
190,low_medium,1.000000,1.000000,11,5,10,0
191,low_medium,1.000000,1.000000,11,5,10,0
192,low_medium,0.750000,0.590909,11,5,10,0
193,low_medium,0.750000,0.590909,11,5,10,0
194,low_medium,1.000000,1.000000,11,5,10,0
195,low_medium,1.000000,1.000000,11,5,10,0
196,low_medium,0.650350,0.509690,11,5,11,0
197,low_medium,1.000000,1.000000,11,5,10,0
198,low_medium,1.000000,1.000000,11,5,10,0
199,low_medium,0.750000,0.590909,11,5,10,0
200,low_medium,1.000000,1.000000,11,5,10,0
201,low_medium,1.000000,0.772727,11,5,10,0
202,low_medium,1.000000,0.772727,11,5,10,0
203,low_medium,0.750000,0.568182,11,5,10,1
204,low_medium,1.000000,1.000000,11,5,10,0
205,low_medium,0.750000,0.590909,11,5,10,1
206,low_medium,1.000000,1.000000,11,5,10,0
207,low_medium,1.000000,0.680233,11,5,10,2
208,low_medium,1.000000,1.000000,11,5,10,0
209,low_medium,1.000000,0.680233,11,5,10,2
210,low_medium,0.555556,0.339147,11,5,10,2
211,low_medium,0.750000,0.435897,11,5,10,3
212,low_medium,1.000000,1.000000,11,5,10,0
213,low_medium,0.555556,0.409091,11,5,10,1
214,low_medium,0.750000,0.488372,11,5,10,2
215,low_medium,0.750000,0.590909,11,5,10,1
216,low_medium,1.000000,1.000000,11,5,10,0
217,low_medium,1.000000,0.772727,11,5,10,1
218,low_medium,1.000000,0.772727,11,5,10,1
219,low_medium,1.000000,0.772727,11,5,10,1
220,low_medium,0.333333,0.227273,11,5,10,1
221,low_medium,1.000000,0.772727,11,5,10,1
222,low_medium,1.000000,0.680233,11,5,10,2
223,low_medium,1.000000,0.772727,11,5,10,0
224,low_medium,0.555556,0.454545,11,5,10,0
225,low_medium,0.333333,0.296512,11,5,10,2
226,low_medium,0.342105,0.386760,11,5,12,2
227,low_medium,0.750000,0.415751,11,5,10,3
228,low_medium,0.356308,0.292398,11,5,17,2
229,low_medium,1.000000,0.772727,11,5,10,1
230,low_medium,1.000000,0.772727,11,5,10,1
231,low_medium,1.000000,1.000000,11,5,10,1
232,low_medium,1.000000,1.000000,11,5,10,0
233,low_medium,0.555556,0.409091,11,5,10,1
234,low_medium,1.000000,0.680233,11,5,10,2
235,low_medium,0.333333,0.168605,11,5,10,2
236,low_medium,0.750000,0.435897,11,5,10,3
237,low_medium,0.750000,0.488372,11,5,10,2
238,low_medium,1.000000,0.772727,11,5,10,1
239,low_medium,1.000000,0.680233,11,5,10,2
240,low_medium,1.000000,0.893411,11,5,10,2
241,low_medium,1.000000,0.772727,11,5,10,0
242,low_medium,1.000000,0.772727,11,5,10,0
243,low_medium,0.222222,0.253876,11,5,10,2
244,low_medium,1.000000,0.680233,11,5,10,2
245,low_medium,0.333333,0.318182,11,5,10,0
246,low_medium,0.555556,0.454545,11,5,10,0
247,low_medium,0.750000,0.568182,11,5,10,1
248,low_medium,0.750000,0.509690,11,5,10,2
249,low_medium,1.000000,1.000000,11,5,10,0
250,low_medium,0.750000,0.435897,11,5,10,3
251,low_medium,1.000000,0.680233,11,5,10,2
252,low_medium,0.750000,0.568182,11,5,10,1
253,low_medium,1.000000,0.680233,11,5,10,2
254,low_medium,0.333333,0.363636,11,5,10,0
255,low_medium,1.000000,1.000000,11,5,10,0
256,low_medium,1.000000,0.680233,11,5,10,2
257,low_medium,1.000000,0.772727,11,5,10,1
258,low_medium,1.000000,1.000000,11,5,10,0
259,low_medium,1.000000,0.680233,11,5,10,2
260,low_medium,1.000000,0.597070,11,5,10,3
261,low_medium,1.000000,0.680233,11,5,10,2
262,low_medium,1.000000,0.680233,11,5,10,2
263,low_medium,1.000000,0.772727,11,5,10,1
264,low_medium,1.000000,0.680233,11,5,10,2
265,low_medium,1.000000,0.772727,11,5,10,1
266,low_medium,0.750000,0.568182,11,5,10,1
267,low_medium,1.000000,0.680233,11,5,10,2
268,low_medium,0.750000,0.568182,11,5,10,1
269,low_medium,1.000000,0.680233,11,5,10,2
270,low_medium,0.555556,0.590909,11,5,10,1
271,low_medium,0.416667,0.296512,11,5,10,2
272,low_medium,0.650350,0.435897,11,5,11,2
273,low_medium,0.555556,0.409091,11,5,10,1
274,low_medium,1.000000,0.680233,11,5,10,2
275,low_medium,1.000000,0.680233,11,5,10,2
276,low_medium,1.000000,0.680233,11,5,10,2
277,low_medium,0.750000,0.590909,11,5,10,0
278,low_medium,1.000000,1.000000,11,5,10,0
279,low_medium,0.416667,0.454545,11,5,10,1
280,low_medium,1.000000,0.680233,11,5,10,2
281,low_medium,1.000000,0.772727,11,5,10,1
282,low_medium,0.750000,0.680233,11,5,10,2
283,low_medium,1.000000,0.772727,11,5,10,0
284,low_medium,0.750000,0.568182,11,5,10,1
285,low_medium,0.305556,0.253876,11,5,10,2
286,low_medium,1.000000,1.000000,11,5,10,0
287,low_medium,0.555556,0.454545,11,5,10,0
288,low_medium,1.000000,1.000000,11,5,10,0
289,low_medium,1.000000,0.680233,11,5,10,2
290,low_medium,1.000000,0.772727,11,5,10,1
291,low_medium,0.555556,0.454545,11,5,10,0
292,low_medium,1.000000,0.772727,11,5,10,1
293,low_medium,1.000000,1.000000,11,5,10,0
294,low_medium,0.416667,0.381783,11,5,10,2
295,low_medium,0.555556,0.509690,11,5,10,2
296,low_medium,1.000000,0.772727,11,5,10,1
297,low_medium,1.000000,0.772727,11,5,10,1
298,low_medium,1.000000,0.680233,11,5,10,2
299,low_medium,1.000000,0.680233,11,5,10,2
300,low_medium,1.000000,0.772727,11,5,10,1
301,low_medium,1.000000,0.772727,11,5,10,1
302,low_medium,1.000000,1.000000,11,5,10,0
303,low_medium,0.750000,0.590909,11,5,10,1
304,low_medium,0.416667,0.234432,11,5,10,3
305,low_medium,0.555556,0.339147,11,5,10,2
306,low_medium,1.000000,0.772727,11,5,10,1
307,low_medium,1.000000,0.772727,11,5,10,1
308,low_medium,1.000000,0.772727,11,5,10,1
309,low_medium,1.000000,0.772727,11,5,10,1
310,low_medium,0.750000,0.590909,11,5,10,1
311,low_medium,0.555556,0.454545,11,5,10,1
312,low_medium,0.750000,0.488372,11,5,10,2
313,low_medium,0.750000,0.568182,11,5,10,1
314,low_medium,0.555556,0.274725,11,5,10,3
315,low_medium,0.555556,0.454545,11,5,10,0
316,low_medium,1.000000,0.680233,11,5,10,2
317,low_medium,1.000000,0.772727,11,5,10,0
318,low_medium,1.000000,0.772727,11,5,10,0
319,low_medium,1.000000,0.772727,11,5,10,0
320,low_medium,1.000000,0.772727,11,5,10,0
321,low_medium,1.000000,0.597070,11,5,10,3
322,low_medium,1.000000,0.772727,11,5,10,1
323,low_medium,1.000000,0.772727,11,5,10,1
324,low_medium,1.000000,0.772727,11,5,10,1
325,low_medium,0.750000,0.680233,11,5,10,2
326,low_medium,1.000000,0.680233,11,5,10,2
327,low_medium,1.000000,0.772727,11,5,10,1
328,low_medium,1.000000,0.680233,11,5,10,2
329,low_medium,1.000000,0.772727,11,5,10,1
330,low_medium,1.000000,0.680233,11,5,10,2
331,low_medium,1.000000,0.680233,11,5,10,2
332,low_medium,1.000000,0.772727,11,5,10,1
333,low_medium,1.000000,0.680233,11,5,10,2
334,low_medium,1.000000,0.893411,11,5,10,2
335,low_medium,0.305556,0.147287,11,5,10,2
336,low_medium,1.000000,0.772727,11,5,10,1
337,low_medium,1.000000,0.772727,11,5,10,1
338,low_medium,0.750000,0.568182,11,5,10,1
339,low_medium,1.000000,0.772727,11,5,10,1
340,low_medium,1.000000,0.772727,11,5,10,1
341,low_medium,0.555556,0.409091,11,5,10,1
342,low_medium,1.000000,0.772727,11,5,10,1
343,low_medium,0.333333,0.227273,11,5,10,1
344,low_medium,1.000000,1.000000,11,5,10,0
345,low_medium,1.000000,1.000000,11,5,10,0
346,low_medium,0.750000,0.772727,11,5,10,0
347,low_medium,1.000000,0.772727,11,5,10,1
348,low_medium,0.555556,0.454545,11,5,10,0
349,low_medium,0.650350,0.509690,11,5,11,1
350,low_medium,0.750000,0.590909,11,5,10,1
351,low_medium,1.000000,1.000000,11,5,10,0
352,low_medium,1.000000,1.000000,11,5,10,0
353,low_medium,1.000000,0.597070,11,5,10,3
354,low_medium,0.361111,0.250000,11,5,10,1
355,low_medium,0.555556,0.339147,11,5,10,2
356,low_medium,0.750000,0.590909,11,5,10,0
357,low_medium,1.000000,0.680233,11,5,10,2
358,low_medium,0.416667,0.296512,11,5,10,2
359,low_medium,1.000000,0.772727,11,5,10,1
360,low_medium,1.000000,0.772727,11,5,10,1
361,low_medium,0.750000,0.597070,11,5,10,3
362,low_medium,0.555556,0.454545,11,5,10,1
363,low_medium,1.000000,0.772727,11,5,10,1
364,low_medium,1.000000,0.772727,11,5,10,1
365,low_medium,1.000000,0.772727,11,5,10,1
366,low_medium,0.750000,0.509690,11,5,10,2
367,low_medium,1.000000,0.772727,11,5,10,1
368,low_medium,1.000000,0.772727,11,5,10,1
369,low_medium,1.000000,0.772727,11,5,10,1
370,low_medium,0.555556,0.339147,11,5,10,2
371,low_medium,0.750000,0.568182,11,5,10,1
372,low_medium,1.000000,0.680233,11,5,10,2
373,low_medium,1.000000,0.772727,11,5,10,1
374,low_medium,0.750000,0.772727,11,5,10,0
375,low_medium,1.000000,0.772727,11,5,10,1
376,low_medium,1.000000,1.000000,11,5,10,0
377,low_medium,0.537037,0.421053,11,5,18,0
378,low_medium,1.000000,0.772727,11,5,10,1
379,low_medium,1.000000,0.772727,11,5,10,1
380,low_medium,1.000000,0.772727,11,5,10,1
381,low_medium,1.000000,0.680233,11,5,10,2
382,low_medium,0.194444,0.083333,11,5,10,2
383,low_medium,1.000000,0.680233,11,5,10,2
384,low_medium,0.555556,0.274725,11,5,10,3
385,low_medium,0.111111,0.032967,11,5,10,3
386,low_medium,1.000000,1.000000,11,5,10,0
387,low_medium,1.000000,0.772727,11,5,10,1
388,low_medium,0.416667,0.295455,11,5,10,1
389,low_medium,1.000000,0.772727,11,5,10,1
390,low_medium,1.000000,0.893411,11,5,10,2
391,low_medium,1.000000,1.000000,11,5,10,0
392,low_medium,0.750000,0.590909,11,5,10,0
393,low_medium,0.555556,0.454545,11,5,10,0
394,low_medium,0.555556,0.454545,11,5,10,0
395,low_medium,1.000000,0.772727,11,5,10,0
396,low_medium,0.416667,0.232558,11,5,10,2
397,low_medium,1.000000,1.000000,11,5,10,0
398,low_medium,1.000000,0.772727,11,5,10,1
399,low_medium,1.000000,1.000000,11,5,10,1
400,low_medium,1.000000,1.000000,11,5,10,0
401,low_medium,0.750000,0.772727,11,5,10,0
402,low_medium,0.750000,0.590909,11,5,10,0
403,low_medium,0.555556,0.409091,11,5,10,1
404,low_medium,1.000000,1.000000,11,5,10,0
405,low_medium,1.000000,0.597070,11,5,10,3
406,low_medium,1.000000,0.772727,11,5,10,1
407,low_medium,0.555556,0.409091,11,5,10,1
408,low_medium,0.087549,0.065000,11,5,13,2
409,low_medium,1.000000,0.772727,11,5,10,1
410,low_medium,1.000000,0.772727,11,5,10,1
411,low_medium,0.261849,0.133700,11,5,11,2
412,low_medium,0.750000,0.568182,11,5,10,1
413,low_medium,1.000000,0.772727,11,5,10,1
414,low_medium,1.000000,0.772727,11,5,10,1
415,low_medium,1.000000,0.772727,11,5,10,1
416,low_medium,1.000000,0.680233,11,5,10,2
417,low_medium,1.000000,0.520906,11,5,10,4
418,low_medium,0.555556,0.454545,11,5,10,0
419,low_medium,1.000000,0.772727,11,5,10,1
420,low_medium,1.000000,0.520906,11,5,10,4
421,low_medium,1.000000,0.680233,11,5,10,2
422,low_medium,1.000000,0.772727,11,5,10,1
423,low_medium,0.416667,0.296512,11,5,10,2
424,low_medium,1.000000,0.772727,11,5,10,1
425,low_medium,1.000000,0.893411,11,5,10,2
426,low_medium,1.000000,0.772727,11,5,10,1
427,low_medium,1.000000,0.680233,11,5,10,2
428,low_medium,0.416667,0.296512,11,5,10,2
429,low_medium,0.555556,0.274725,11,5,10,3
430,low_medium,1.000000,0.772727,11,5,10,1
431,low_medium,1.000000,1.000000,11,5,10,0
432,low_medium,1.000000,0.772727,11,5,10,1
433,low_medium,1.000000,1.000000,11,5,10,0
434,low_medium,1.000000,1.000000,11,5,10,0
435,low_medium,1.000000,0.680233,11,5,10,2
436,low_medium,0.555556,0.339147,11,5,10,2
437,low_medium,1.000000,1.000000,11,5,10,0
438,low_medium,1.000000,0.772727,11,5,10,1
439,low_medium,1.000000,0.680233,11,5,10,2
440,low_medium,1.000000,0.680233,11,5,10,2
441,low_medium,1.000000,0.772727,11,5,10,1
442,low_medium,1.000000,0.772727,11,5,10,0
443,low_medium,1.000000,0.772727,11,5,10,0
444,low_medium,1.000000,0.772727,11,5,10,0
445,low_medium,1.000000,0.772727,11,5,10,0
446,low_medium,1.000000,0.597070,11,5,10,3
447,low_medium,1.000000,0.680233,11,5,10,2
448,low_medium,1.000000,0.772727,11,5,10,1
449,low_medium,1.000000,0.680233,11,5,10,2
450,low_medium,1.000000,1.000000,11,5,10,0
451,low_medium,0.750000,0.772727,11,5,10,0
452,low_medium,0.333333,0.363636,11,5,10,0
453,low_medium,1.000000,1.000000,11,5,10,0
454,low_medium,0.555556,0.454545,11,5,10,0
455,low_medium,0.613785,0.454955,11,5,17,1
456,low_medium,1.000000,0.680233,11,5,10,2
457,low_medium,1.000000,0.772727,11,5,10,1
458,low_medium,0.750000,0.568182,11,5,10,1
459,low_medium,0.750000,0.597070,11,5,10,3
460,low_medium,0.416667,0.295455,11,5,10,1
461,low_medium,1.000000,1.000000,11,5,10,0
462,low_medium,1.000000,1.000000,11,5,10,0
463,low_medium,1.000000,0.772727,11,5,10,0
464,low_medium,1.000000,0.772727,11,5,10,0
465,low_medium,1.000000,0.597070,11,5,10,3
466,low_medium,0.555556,0.381783,11,5,10,2
467,low_medium,1.000000,1.000000,11,5,10,0
468,low_medium,1.000000,0.772727,11,5,10,1
469,low_medium,0.339549,0.234432,11,5,11,2
470,low_medium,1.000000,0.680233,11,5,10,2
471,low_medium,1.000000,0.680233,11,5,10,2
472,low_medium,1.000000,0.772727,11,5,10,1
473,low_medium,1.000000,0.772727,11,5,10,1
474,low_medium,0.750000,0.488372,11,5,10,2
475,low_medium,0.750000,0.488372,11,5,10,2
476,low_medium,1.000000,0.597070,11,5,10,3
477,low_medium,1.000000,0.772727,11,5,10,1
478,low_medium,1.000000,1.000000,11,5,10,0
479,low_medium,1.000000,0.597070,11,5,10,3
480,low_medium,0.750000,0.509690,11,5,10,2
481,low_medium,1.000000,0.680233,11,5,10,2
482,low_medium,0.555556,0.409091,11,5,10,1
483,low_medium,1.000000,0.772727,11,5,10,1
484,low_medium,0.750000,0.568182,11,5,10,1
485,low_medium,1.000000,1.000000,11,5,10,1
486,low_medium,1.000000,1.000000,11,5,10,0
487,low_medium,1.000000,0.680233,11,5,10,2
488,low_medium,1.000000,0.680233,11,5,10,2
489,low_medium,1.000000,0.597070,11,5,10,3
490,low_medium,0.750000,0.568182,11,5,10,1
491,low_medium,0.555556,0.409091,11,5,10,1
492,low_medium,0.210049,0.125969,11,5,11,1
493,low_medium,0.750000,0.772727,11,5,10,0
494,low_medium,0.750000,0.488372,11,5,10,2
495,low_medium,1.000000,0.772727,11,5,10,1
496,low_medium,0.750000,0.568182,11,5,10,1
497,low_medium,1.000000,0.772727,11,5,10,0
498,low_medium,1.000000,1.000000,11,5,10,0
499,low_medium,0.750000,0.509690,11,5,10,2
500,low_medium,1.000000,1.000000,11,5,10,0
501,low_medium,1.000000,1.000000,11,5,10,0
502,low_medium,1.000000,0.597070,11,5,10,3
503,low_medium,1.000000,0.680233,11,5,10,2
504,low_medium,1.000000,0.772727,11,5,10,0
505,low_medium,1.000000,0.798535,11,5,10,3
506,low_medium,0.416667,0.295455,11,5,10,1
507,low_medium,1.000000,0.893411,11,5,10,2
508,low_medium,1.000000,0.772727,11,5,10,1
509,low_medium,0.750000,0.590909,11,5,10,1
510,low_medium,0.750000,0.488372,11,5,10,2
511,low_medium,1.000000,0.680233,11,5,10,2
512,low_medium,1.000000,0.772727,11,5,10,0
513,low_medium,0.750000,0.772727,11,5,10,0
514,low_medium,0.750000,0.772727,11,5,10,0
515,low_medium,1.000000,1.000000,11,5,10,0
516,low_medium,1.000000,0.772727,11,5,10,0
517,low_medium,1.000000,1.000000,11,5,10,0
518,low_medium,0.416667,0.363636,11,5,10,0
519,low_medium,0.333333,0.168605,11,5,10,2
520,low_medium,0.750000,0.488372,11,5,10,2
521,low_medium,1.000000,0.772727,11,5,10,1
522,low_medium,0.750000,0.435897,11,5,10,3
523,low_medium,0.750000,0.509690,11,5,10,2
524,low_medium,0.555556,0.454545,11,5,10,0
525,low_medium,1.000000,1.000000,11,5,10,0
526,low_medium,1.000000,0.893411,11,5,10,2
527,low_medium,1.000000,0.680233,11,5,10,2
528,low_medium,1.000000,0.772727,11,5,10,0
529,low_medium,1.000000,0.772727,11,5,10,1
530,low_medium,1.000000,0.772727,11,5,10,1
531,low_medium,1.000000,1.000000,11,5,10,0
532,low_medium,0.555556,0.339147,11,5,10,2
533,low_medium,0.750000,0.568182,11,5,10,1
534,low_medium,1.000000,0.772727,11,5,10,1
535,low_medium,1.000000,0.772727,11,5,10,1
536,low_medium,0.555556,0.339147,11,5,10,2
537,low_medium,0.416667,0.363636,11,5,10,1
538,low_medium,0.305556,0.253876,11,5,10,2
539,low_medium,1.000000,0.772727,11,5,10,1
540,low_medium,0.750000,0.568182,11,5,10,1
541,low_medium,1.000000,0.772727,11,5,10,0
542,low_medium,0.750000,0.568182,11,5,10,1
543,low_medium,1.000000,0.772727,11,5,10,1
544,low_medium,0.750000,0.590909,11,5,10,1
545,low_medium,1.000000,0.772727,11,5,10,1
546,low_medium,1.000000,0.520906,11,5,10,4
547,low_medium,1.000000,0.772727,11,5,10,1
548,low_medium,1.000000,0.772727,11,5,10,1
549,low_medium,1.000000,0.893411,11,5,10,2
550,low_medium,1.000000,0.772727,11,5,10,0
551,low_medium,0.361111,0.409091,11,5,10,0
552,low_medium,1.000000,0.772727,11,5,10,0
553,low_medium,1.000000,0.680233,11,5,10,2
554,low_medium,1.000000,0.597070,11,5,10,3
555,low_medium,0.250000,0.227273,11,5,10,0
556,low_medium,0.750000,0.509690,11,5,10,2
557,low_medium,1.000000,0.772727,11,5,10,0
558,low_medium,1.000000,1.000000,11,5,10,0
559,low_medium,1.000000,0.597070,11,5,10,3
560,low_medium,0.305556,0.253876,11,5,10,2
561,low_medium,1.000000,0.772727,11,5,10,1
562,low_medium,1.000000,0.597070,11,5,10,3
563,low_medium,0.750000,0.509690,11,5,10,2
564,low_medium,0.555556,0.409091,11,5,10,1
565,low_medium,0.750000,0.772727,11,5,10,0
566,low_medium,0.750000,0.772727,11,5,10,0
567,low_medium,0.750000,0.772727,11,5,10,0
568,low_medium,1.000000,0.680233,11,5,10,2
569,low_medium,1.000000,0.680233,11,5,10,2
570,low_medium,0.750000,0.520906,11,5,10,4
571,low_medium,1.000000,1.000000,11,5,10,0
572,low_medium,1.000000,0.597070,11,5,10,3
573,low_medium,1.000000,0.772727,11,5,10,1
574,low_medium,1.000000,0.772727,11,5,10,0
575,low_medium,1.000000,0.597070,11,5,10,3
576,low_medium,1.000000,0.680233,11,5,10,2
577,low_medium,0.750000,0.590909,11,5,10,1
578,low_medium,0.138889,0.062016,11,5,10,2
579,low_medium,0.416667,0.173993,11,5,10,3
580,low_medium,1.000000,0.680233,11,5,10,2
581,low_medium,1.000000,0.520906,11,5,10,4
582,low_medium,0.305556,0.253876,11,5,10,2
583,low_medium,0.750000,0.772727,11,5,10,0
584,low_medium,1.000000,1.000000,11,5,10,0
585,low_medium,1.000000,0.680233,11,5,10,2
586,low_medium,1.000000,0.772727,11,5,10,1
587,low_medium,0.555556,0.409091,11,5,10,1
588,low_medium,1.000000,0.597070,11,5,10,3
589,low_medium,1.000000,1.000000,11,5,10,0
590,low_medium,1.000000,0.680233,11,5,10,2
591,low_medium,0.305556,0.318182,11,5,10,0
592,low_medium,0.555556,0.590909,11,5,10,0
593,low_medium,0.750000,0.590909,11,5,10,1
594,low_medium,0.750000,0.509690,11,5,10,2
595,low_medium,0.750000,0.568182,11,5,10,1
596,low_medium,1.000000,0.680233,11,5,10,2
597,low_medium,1.000000,0.680233,11,5,10,2
598,low_medium,1.000000,0.680233,11,5,10,2
599,low_medium,1.000000,1.000000,11,5,10,0
600,low_medium,1.000000,0.772727,11,5,10,1
601,low_medium,0.750000,0.772727,11,5,10,0
602,low_medium,0.750000,0.568182,11,5,10,1
603,low_medium,1.000000,0.772727,11,5,10,0
604,low_medium,0.750000,0.772727,11,5,10,0
605,low_medium,0.527778,0.339147,11,5,10,2
606,low_medium,1.000000,0.680233,11,5,10,2
607,low_medium,1.000000,0.893411,11,5,10,2
608,low_medium,1.000000,0.772727,11,5,10,1
609,low_medium,1.000000,0.680233,11,5,10,2
610,low_medium,1.000000,1.000000,11,5,10,0
611,low_medium,1.000000,0.680233,11,5,10,2
612,low_medium,1.000000,0.680233,11,5,10,2
613,low_medium,0.555556,0.454545,11,5,10,0
614,low_medium,1.000000,0.772727,11,5,10,1
615,low_medium,0.351852,0.348485,11,5,20,2
616,low_medium,1.000000,0.680233,11,5,10,2
617,low_medium,0.333333,0.318182,11,5,10,1
618,low_medium,0.750000,0.488372,11,5,10,2
619,low_medium,0.416667,0.295455,11,5,10,1
620,low_medium,1.000000,1.000000,11,5,10,0
621,low_medium,0.750000,0.772727,11,5,10,0
622,low_medium,0.750000,0.509690,11,5,10,2
623,low_medium,0.750000,0.568182,11,5,10,1
624,low_medium,0.750000,0.568182,11,5,10,1
625,low_medium,0.750000,0.568182,11,5,10,1
626,low_medium,0.750000,0.568182,11,5,10,1
627,low_medium,1.000000,0.772727,11,5,10,1
628,low_medium,0.555556,0.381783,11,5,10,2
629,low_medium,0.305556,0.318182,11,5,10,1
630,low_medium,0.416667,0.296512,11,5,10,2
631,low_medium,0.750000,0.590909,11,5,10,0
632,low_medium,1.000000,1.000000,11,5,10,0
633,low_medium,1.000000,1.000000,11,5,10,0
634,low_medium,0.555556,0.454545,11,5,10,0
635,low_medium,1.000000,0.772727,11,5,10,0
636,low_medium,1.000000,0.772727,11,5,10,0
637,low_medium,0.527778,0.568182,11,5,10,0
638,low_medium,1.000000,1.000000,11,5,10,0
639,low_medium,1.000000,1.000000,11,5,10,0
640,low_medium,1.000000,1.000000,11,5,10,0
641,low_medium,0.305556,0.318182,11,5,10,0
642,low_medium,1.000000,1.000000,11,5,10,0
643,low_medium,1.000000,0.772727,11,5,10,0
644,low_medium,1.000000,1.000000,11,5,10,0
645,low_medium,0.134199,0.073370,11,5,22,0
646,low_medium,0.750000,0.590909,11,5,10,0
647,low_medium,1.000000,1.000000,11,5,10,0
648,low_medium,1.000000,1.000000,11,5,10,0
649,low_medium,0.735450,0.559295,11,5,15,0
650,low_medium,1.000000,1.000000,11,5,10,0
651,low_medium,1.000000,1.000000,11,5,10,0
652,low_medium,1.000000,0.772727,11,5,10,0
653,low_medium,1.000000,1.000000,11,5,10,0
654,low_medium,1.000000,1.000000,11,5,10,0
655,low_medium,1.000000,1.000000,11,5,10,0
656,low_medium,1.000000,0.772727,11,5,10,0
657,low_medium,1.000000,0.772727,11,5,10,0
658,low_medium,1.000000,1.000000,11,5,10,0
659,low_medium,1.000000,1.000000,11,5,10,0
660,low_medium,1.000000,1.000000,11,5,10,0
661,low_medium,0.555556,0.454545,11,5,10,0
662,low_medium,1.000000,1.000000,11,5,10,0
663,low_medium,1.000000,1.000000,11,5,10,0
664,low_medium,1.000000,1.000000,11,5,10,0
665,low_medium,1.000000,1.000000,11,5,10,0
666,low_medium,0.750000,0.590909,11,5,10,0
667,low_medium,0.613785,0.471471,11,5,17,0
668,low_medium,1.000000,1.000000,11,5,10,0
669,low_medium,1.000000,0.772727,11,5,10,0
670,low_medium,1.000000,1.000000,11,5,10,0
671,low_medium,0.333333,0.363636,11,5,10,0
672,low_medium,1.000000,1.000000,11,5,10,0
673,low_medium,0.555556,0.590909,11,5,10,0
674,low_medium,0.416667,0.454545,11,5,10,0
675,low_medium,1.000000,1.000000,11,5,10,0
676,low_medium,0.750000,0.772727,11,5,10,0
677,low_medium,1.000000,1.000000,11,5,10,0
678,low_medium,1.000000,0.772727,11,5,10,0
679,low_medium,1.000000,1.000000,11,5,10,0
680,low_medium,1.000000,1.000000,11,5,10,0
681,low_medium,1.000000,0.772727,11,5,10,0
682,low_medium,0.416667,0.363636,11,5,10,0
683,low_medium,0.555556,0.590909,11,5,10,0
684,low_medium,0.555556,0.590909,11,5,10,0
685,low_medium,0.750000,0.590909,11,5,10,0
686,low_medium,1.000000,1.000000,11,5,10,0
687,low_medium,1.000000,1.000000,11,5,10,0
688,low_medium,1.000000,1.000000,11,5,10,0
689,low_medium,1.000000,1.000000,11,5,10,0
690,low_medium,0.527778,0.568182,11,5,10,0
691,low_medium,1.000000,1.000000,11,5,10,0
692,low_medium,1.000000,0.772727,11,5,10,0
693,low_medium,0.333333,0.318182,11,5,10,0
694,low_medium,0.555556,0.590909,11,5,10,0
695,low_medium,0.544974,0.418269,11,5,15,0
696,low_medium,0.333333,0.363636,11,5,10,0
697,low_medium,0.750000,0.772727,11,5,10,0
698,low_medium,1.000000,0.772727,11,5,10,0
699,low_medium,1.000000,1.000000,11,5,10,0
700,low_medium,1.000000,0.772727,11,5,10,0
701,low_medium,1.000000,1.000000,11,5,10,0
702,low_medium,1.000000,1.000000,11,5,10,0
703,low_medium,1.000000,1.000000,11,5,10,0
704,low_medium,0.750000,0.772727,11,5,10,0
705,low_medium,0.750000,0.772727,11,5,10,0
706,low_medium,1.000000,1.000000,11,5,10,0
707,low_medium,0.555556,0.590909,11,5,10,0
708,low_medium,1.000000,1.000000,11,5,10,0
709,low_medium,0.750000,0.772727,11,5,10,0
710,low_medium,1.000000,1.000000,11,5,10,0
711,low_medium,1.000000,0.772727,11,5,10,0
712,low_medium,1.000000,1.000000,11,5,10,0
713,low_medium,1.000000,1.000000,11,5,10,0
714,low_medium,0.555556,0.590909,11,5,10,0
715,low_medium,1.000000,0.772727,11,5,10,0
716,low_medium,1.000000,1.000000,11,5,10,0
717,low_medium,1.000000,0.772727,11,5,10,0
718,low_medium,1.000000,1.000000,11,5,10,0
719,low_medium,0.291005,0.241987,11,5,15,0
720,low_medium,1.000000,1.000000,11,5,10,0
721,low_medium,0.305556,0.318182,11,5,10,0
722,low_medium,1.000000,0.772727,11,5,10,0
723,low_medium,1.000000,1.000000,11,5,10,0
724,low_medium,1.000000,1.000000,11,5,10,0
725,low_medium,0.416667,0.454545,11,5,10,0
726,low_medium,0.555556,0.454545,11,5,10,0
727,low_medium,0.750000,0.772727,11,5,10,0
728,low_medium,1.000000,1.000000,11,5,10,0
729,low_medium,1.000000,1.000000,11,5,10,0
730,low_medium,0.555556,0.590909,11,5,10,0
731,low_medium,0.333333,0.318182,11,5,10,0
732,low_medium,0.750000,0.772727,11,5,10,0
733,low_medium,0.750000,0.772727,11,5,10,0
734,low_medium,0.750000,0.590909,11,5,10,0
735,low_medium,1.000000,1.000000,11,5,10,0
736,low_medium,0.750000,0.590909,11,5,10,0
737,low_medium,1.000000,1.000000,11,5,10,0
738,low_medium,0.750000,0.590909,11,5,10,0
739,low_medium,0.650350,0.509690,11,5,11,0
740,low_medium,1.000000,1.000000,11,5,10,0
741,low_medium,1.000000,1.000000,11,5,10,0
742,low_medium,1.000000,1.000000,11,5,10,0
743,low_medium,0.750000,0.590909,11,5,10,0
744,low_medium,0.750000,0.590909,11,5,10,0
745,low_medium,0.305556,0.318182,11,5,10,0
746,low_medium,1.000000,0.772727,11,5,10,0
747,low_medium,0.613785,0.471471,11,5,17,0
748,low_medium,0.305556,0.318182,11,5,10,0
749,low_medium,1.000000,0.772727,11,5,10,0
750,low_medium,1.000000,0.772727,11,5,10,0
751,low_medium,1.000000,1.000000,11,5,10,0
752,low_medium,1.000000,1.000000,11,5,10,0
753,low_medium,0.416667,0.363636,11,5,10,0
754,low_medium,0.333333,0.363636,11,5,10,0
755,low_medium,1.000000,1.000000,11,5,10,0
756,low_medium,1.000000,1.000000,11,5,10,0
757,low_medium,0.750000,0.772727,11,5,10,0
758,low_medium,0.555556,0.590909,11,5,10,0
759,low_medium,0.750000,0.772727,11,5,10,0
760,low_medium,0.416667,0.363636,11,5,10,0
761,low_medium,0.555556,0.590909,11,5,10,0
762,low_medium,1.000000,1.000000,11,5,10,0
763,low_medium,1.000000,1.000000,11,5,10,0
764,low_medium,1.000000,1.000000,11,5,10,0
765,low_medium,0.555556,0.454545,11,5,10,0
766,low_medium,0.750000,0.772727,11,5,10,0
767,low_medium,0.750000,0.772727,11,5,10,0
768,low_medium,1.000000,0.772727,11,5,10,0
769,low_medium,1.000000,1.000000,11,5,10,0
770,low_medium,0.750000,0.590909,11,5,10,0
771,low_medium,1.000000,1.000000,11,5,10,0
772,low_medium,1.000000,1.000000,11,5,10,0
773,low_medium,1.000000,0.772727,11,5,10,0
774,low_medium,1.000000,1.000000,11,5,10,0
775,low_medium,0.672068,0.517544,11,5,18,0
776,low_medium,1.000000,0.772727,11,5,10,0
777,low_medium,1.000000,1.000000,11,5,10,0
778,low_medium,0.750000,0.590909,11,5,10,0
779,low_medium,1.000000,0.772727,11,5,10,0
780,low_medium,0.555556,0.454545,11,5,10,0
781,low_medium,0.333333,0.363636,11,5,10,0
782,low_medium,0.750000,0.772727,11,5,10,0
783,low_medium,1.000000,1.000000,11,5,10,0
784,low_medium,0.750000,0.590909,11,5,10,0
785,low_medium,1.000000,1.000000,11,5,10,0
786,low_medium,1.000000,1.000000,11,5,10,0
787,low_medium,1.000000,1.000000,11,5,10,0
788,low_medium,1.000000,1.000000,11,5,10,0
789,low_medium,1.000000,0.772727,11,5,10,0
790,low_medium,0.555556,0.454545,11,5,10,0
791,low_medium,1.000000,1.000000,11,5,10,0
792,low_medium,1.000000,1.000000,11,5,10,0
793,low_medium,1.000000,1.000000,11,5,10,0
794,low_medium,1.000000,1.000000,11,5,10,0
795,low_medium,1.000000,1.000000,11,5,10,0
796,low_medium,0.750000,0.590909,11,5,10,0
797,low_medium,1.000000,1.000000,11,5,10,0
798,low_medium,0.750000,0.590909,11,5,10,0
799,low_medium,0.750000,0.590909,11,5,10,0
800,low_medium,1.000000,1.000000,11,5,10,0
801,low_medium,1.000000,1.000000,11,5,10,0
802,low_medium,1.000000,1.000000,11,5,10,0
803,low_medium,1.000000,1.000000,11,5,10,0
804,low_medium,0.416667,0.363636,11,5,10,0
805,low_medium,1.000000,1.000000,11,5,10,0
806,low_medium,1.000000,1.000000,11,5,10,0
807,low_medium,1.000000,1.000000,11,5,10,0
808,low_medium,0.416667,0.454545,11,5,10,0
809,low_medium,1.000000,1.000000,11,5,10,0
810,low_medium,1.000000,1.000000,11,5,10,0
811,low_medium,0.750000,0.590909,11,5,10,0
812,low_medium,1.000000,1.000000,11,5,10,0
813,low_medium,1.000000,1.000000,11,5,10,0
814,low_medium,0.555556,0.454545,11,5,10,0
815,low_medium,1.000000,1.000000,11,5,10,0
816,low_medium,1.000000,1.000000,11,5,10,0
817,low_medium,1.000000,1.000000,11,5,10,0
818,low_medium,0.750000,0.772727,11,5,10,0
819,low_medium,0.750000,0.772727,11,5,10,0
820,low_medium,0.750000,0.772727,11,5,10,0
821,low_medium,1.000000,1.000000,11,5,10,0
822,low_medium,0.750000,0.590909,11,5,10,0
823,low_medium,1.000000,1.000000,11,5,10,0
824,low_medium,0.333333,0.363636,11,5,10,0
825,low_medium,1.000000,1.000000,11,5,10,0
826,low_medium,1.000000,1.000000,11,5,10,0
827,low_medium,0.750000,0.590909,11,5,10,0
828,low_medium,0.555556,0.590909,11,5,10,0
829,low_medium,0.750000,0.590909,11,5,10,0
830,low_medium,0.555556,0.454545,11,5,10,0
831,low_medium,0.750000,0.590909,11,5,10,0
832,low_medium,1.000000,1.000000,11,5,10,0
833,low_medium,1.000000,0.772727,11,5,10,0
834,low_medium,1.000000,0.772727,11,5,10,0
835,low_medium,1.000000,0.772727,11,5,10,0
836,low_medium,1.000000,0.772727,11,5,10,0
837,low_medium,0.750000,0.772727,11,5,10,0
838,low_medium,1.000000,1.000000,11,5,10,0
839,low_medium,1.000000,0.772727,11,5,10,0
840,low_medium,1.000000,1.000000,11,5,10,0
841,low_medium,1.000000,1.000000,11,5,10,0
842,low_medium,0.750000,0.772727,11,5,10,0
843,low_medium,0.333333,0.318182,11,5,10,0
844,low_medium,0.750000,0.772727,11,5,10,0
845,low_medium,1.000000,1.000000,11,5,10,0
846,low_medium,1.000000,1.000000,11,5,10,0
847,low_medium,0.750000,0.590909,11,5,10,0
848,low_medium,1.000000,0.772727,11,5,10,0
849,low_medium,1.000000,1.000000,11,5,10,0
850,low_medium,1.000000,0.772727,11,5,10,0
851,low_medium,1.000000,1.000000,11,5,10,0
852,low_medium,1.000000,1.000000,11,5,10,0
853,low_medium,1.000000,1.000000,11,5,10,0
854,low_medium,0.750000,0.590909,11,5,10,0
855,low_medium,1.000000,1.000000,11,5,10,0
856,low_medium,1.000000,0.772727,11,5,10,0
857,low_medium,1.000000,1.000000,11,5,10,0
858,low_medium,1.000000,1.000000,11,5,10,0
859,low_medium,1.000000,1.000000,11,5,10,0
860,low_medium,1.000000,0.772727,11,5,10,0
861,low_medium,1.000000,1.000000,11,5,10,0
862,low_medium,1.000000,0.772727,11,5,10,0
863,low_medium,0.750000,0.590909,11,5,10,0
864,low_medium,1.000000,1.000000,11,5,10,0
865,low_medium,1.000000,0.772727,11,5,10,0
866,low_medium,1.000000,1.000000,11,5,10,0
867,low_medium,1.000000,1.000000,11,5,10,0
868,low_medium,1.000000,1.000000,11,5,10,0
869,low_medium,0.750000,0.590909,11,5,10,0
870,low_medium,1.000000,1.000000,11,5,10,0
871,low_medium,1.000000,1.000000,11,5,10,0
872,low_medium,1.000000,0.772727,11,5,10,0
873,low_medium,0.261849,0.253876,11,5,11,0
874,low_medium,0.555556,0.454545,11,5,10,0
875,low_medium,1.000000,1.000000,11,5,10,0
876,low_medium,1.000000,1.000000,11,5,10,0
877,low_medium,0.750000,0.590909,11,5,10,0
878,low_medium,0.750000,0.590909,11,5,10,0
879,low_medium,0.555556,0.454545,11,5,10,0
880,low_medium,0.750000,0.590909,11,5,10,0
881,low_medium,1.000000,1.000000,11,5,10,0
882,low_medium,1.000000,1.000000,11,5,10,0
883,low_medium,0.750000,0.772727,11,5,10,0
884,low_medium,1.000000,0.772727,11,5,10,0
885,low_medium,1.000000,1.000000,11,5,10,0
886,low_medium,0.750000,0.772727,11,5,10,0
887,low_medium,1.000000,1.000000,11,5,10,0
888,low_medium,1.000000,1.000000,11,5,10,0
889,low_medium,1.000000,1.000000,11,5,10,0
890,low_medium,1.000000,1.000000,11,5,10,0
891,low_medium,0.416667,0.454545,11,5,10,0
892,low_medium,1.000000,1.000000,11,5,10,0
893,low_medium,1.000000,1.000000,11,5,10,0
894,low_medium,1.000000,1.000000,11,5,10,0
895,low_medium,1.000000,1.000000,11,5,10,0
896,low_medium,0.555556,0.454545,11,5,10,0
897,low_medium,1.000000,1.000000,11,5,10,0
898,low_medium,0.544974,0.418269,11,5,15,0
899,low_medium,0.750000,0.590909,11,5,10,0
900,low_medium,0.555556,0.590909,11,5,10,0
901,low_medium,0.555556,0.454545,11,5,10,0
902,low_medium,0.416667,0.454545,11,5,10,0
903,low_medium,1.000000,0.772727,11,5,10,0
904,low_medium,0.585770,0.456044,11,5,12,0
905,low_medium,0.555556,0.454545,11,5,10,0
906,low_medium,1.000000,1.000000,11,5,10,0
907,low_medium,1.000000,1.000000,11,5,10,0
908,low_medium,0.750000,0.590909,11,5,10,0
909,low_medium,0.555556,0.454545,11,5,10,0
910,low_medium,0.416667,0.454545,11,5,10,0
911,low_medium,1.000000,1.000000,11,5,10,0
912,low_medium,0.750000,0.772727,11,5,10,0
913,low_medium,0.750000,0.590909,11,5,10,0
914,low_medium,0.750000,0.772727,11,5,10,0
915,low_medium,1.000000,1.000000,11,5,10,0
916,low_medium,1.000000,1.000000,11,5,10,0
917,low_medium,0.750000,0.590909,11,5,10,0
918,low_medium,1.000000,1.000000,11,5,10,0
919,low_medium,1.000000,1.000000,11,5,10,0
920,low_medium,1.000000,1.000000,11,5,10,0
921,low_medium,1.000000,1.000000,11,5,10,0
922,low_medium,1.000000,1.000000,11,5,10,0
923,low_medium,0.593979,0.454955,11,5,17,0
924,low_medium,0.333333,0.318182,11,5,10,0
925,low_medium,0.750000,0.772727,11,5,10,0
926,low_medium,1.000000,1.000000,11,5,10,0
927,low_medium,1.000000,1.000000,11,5,10,0
928,low_medium,1.000000,0.772727,11,5,10,0
929,low_medium,1.000000,1.000000,11,5,10,0
930,low_medium,0.333333,0.363636,11,5,10,0
931,low_medium,0.333333,0.363636,11,5,10,0
932,low_medium,1.000000,1.000000,11,5,10,0
933,low_medium,1.000000,0.772727,11,5,10,0
934,low_medium,1.000000,1.000000,11,5,10,0
935,low_medium,0.555556,0.590909,11,5,10,0
936,low_medium,0.295449,0.233449,11,5,13,0
937,low_medium,1.000000,1.000000,11,5,10,0
938,low_medium,1.000000,1.000000,11,5,10,0
939,low_medium,1.000000,1.000000,11,5,10,0
940,low_medium,1.000000,1.000000,11,5,10,0
941,low_medium,1.000000,1.000000,11,5,10,0
942,low_medium,0.745331,0.575714,11,5,19,0
943,low_medium,0.469049,0.381783,11,5,11,0
944,low_medium,1.000000,1.000000,11,5,10,0
945,low_medium,1.000000,1.000000,11,5,10,0
946,low_medium,0.754902,0.574303,11,5,16,0
947,low_medium,0.750000,0.590909,11,5,10,0
948,low_medium,0.416667,0.363636,11,5,10,0
949,low_medium,0.750000,0.772727,11,5,10,0
950,low_medium,1.000000,0.772727,11,5,10,0
951,low_medium,1.000000,0.772727,11,5,10,0
952,low_medium,1.000000,1.000000,11,5,10,0
953,low_medium,1.000000,0.772727,11,5,10,0
954,low_medium,1.000000,0.772727,11,5,10,0
955,low_medium,1.000000,1.000000,11,5,10,0
956,low_medium,1.000000,1.000000,11,5,10,0
957,low_medium,1.000000,0.772727,11,5,10,0
958,low_medium,1.000000,1.000000,11,5,10,0
959,low_medium,1.000000,1.000000,11,5,10,0
960,low_medium,1.000000,1.000000,11,5,10,0
961,low_medium,1.000000,0.772727,11,5,10,0
962,low_medium,1.000000,1.000000,11,5,10,0
963,low_medium,1.000000,0.772727,11,5,10,0
964,low_medium,1.000000,1.000000,11,5,10,0
965,low_medium,1.000000,1.000000,11,5,10,0
966,low_medium,0.555556,0.454545,11,5,10,0
967,low_medium,1.000000,1.000000,11,5,10,0
968,low_medium,1.000000,1.000000,11,5,10,0
969,low_medium,1.000000,0.772727,11,5,10,0
970,low_medium,0.750000,0.590909,11,5,10,0
971,low_medium,1.000000,1.000000,11,5,10,0
972,low_medium,1.000000,0.772727,11,5,10,0
973,low_medium,1.000000,1.000000,11,5,10,0
974,low_medium,1.000000,0.772727,11,5,10,0
975,low_medium,1.000000,0.772727,11,5,10,0
976,low_medium,0.333333,0.363636,11,5,10,0
977,low_medium,1.000000,0.772727,11,5,10,0
978,low_medium,0.750000,0.590909,11,5,10,0
979,low_medium,1.000000,1.000000,11,5,10,0
980,low_medium,1.000000,1.000000,11,5,10,0
981,low_medium,0.750000,0.590909,11,5,10,0
982,low_medium,0.750000,0.590909,11,5,10,0
983,low_medium,0.415205,0.335165,11,5,12,0
984,low_medium,0.613785,0.471471,11,5,17,0
985,low_medium,1.000000,1.000000,11,5,10,0
986,low_medium,1.000000,1.000000,11,5,10,0
987,low_medium,1.000000,0.772727,11,5,10,0
988,low_medium,1.000000,1.000000,11,5,10,0
989,low_medium,1.000000,1.000000,11,5,10,0
990,low_medium,1.000000,1.000000,11,5,10,0
991,low_medium,1.000000,0.772727,11,5,10,0
992,low_medium,0.555556,0.454545,11,5,10,0
993,low_medium,1.000000,1.000000,11,5,10,0
994,low_medium,0.750000,0.772727,11,5,10,0
995,low_medium,0.305556,0.318182,11,5,10,0
996,low_medium,1.000000,1.000000,11,5,10,0
997,low_medium,1.000000,1.000000,11,5,10,0
998,low_medium,1.000000,1.000000,11,5,10,0
999,low_medium,1.000000,1.000000,11,5,10,0
1000,low_medium,1.000000,1.000000,11,5,10,0
1,medium_high,1.000000,0.893411,11,5,10,2
2,medium_high,1.000000,1.000000,11,5,10,0
3,medium_high,0.750000,0.590909,11,5,10,0
4,medium_high,1.000000,1.000000,11,5,10,1
5,medium_high,1.000000,1.000000,11,5,10,0
6,medium_high,1.000000,0.772727,11,5,10,0
7,medium_high,1.000000,1.000000,11,5,10,0
8,medium_high,1.000000,1.000000,11,5,10,0
9,medium_high,1.000000,0.772727,11,5,10,1
10,medium_high,1.000000,0.680233,11,5,10,2
11,medium_high,1.000000,0.680233,11,5,10,2
12,medium_high,1.000000,0.772727,11,5,10,1
13,medium_high,1.000000,0.680233,11,5,10,2
14,medium_high,1.000000,0.772727,11,5,10,1
15,medium_high,1.000000,0.772727,11,5,10,1
16,medium_high,1.000000,1.000000,11,5,10,0
17,medium_high,0.469049,0.386760,11,5,11,3
18,medium_high,0.555556,0.590909,11,5,10,1
19,medium_high,0.750000,0.568182,11,5,10,1
20,medium_high,1.000000,1.000000,11,5,10,1
21,medium_high,1.000000,0.772727,11,5,10,1
22,medium_high,0.555556,0.454545,11,5,10,1
23,medium_high,1.000000,0.680233,11,5,10,2
24,medium_high,1.000000,0.772727,11,5,10,1
25,medium_high,0.750000,0.772727,11,5,10,0
26,medium_high,0.750000,0.772727,11,5,10,0
27,medium_high,1.000000,1.000000,11,5,10,0
28,medium_high,1.000000,0.680233,11,5,10,2
29,medium_high,1.000000,0.772727,11,5,10,1
30,medium_high,0.750000,0.590909,11,5,10,0
31,medium_high,1.000000,1.000000,11,5,10,0
32,medium_high,0.333333,0.363636,11,5,10,0
33,medium_high,0.750000,0.680233,11,5,10,2
34,medium_high,0.555556,0.590909,11,5,10,0
35,medium_high,1.000000,1.000000,11,5,10,0
36,medium_high,0.333333,0.318182,11,5,10,0
37,medium_high,0.333333,0.363636,11,5,10,0
38,medium_high,1.000000,0.772727,11,5,10,0
39,medium_high,1.000000,1.000000,11,5,10,0
40,medium_high,1.000000,0.772727,11,5,10,0
41,medium_high,1.000000,0.772727,11,5,10,0
42,medium_high,0.750000,0.568182,11,5,10,1
43,medium_high,1.000000,1.000000,11,5,10,0
44,medium_high,1.000000,0.680233,11,5,10,2
45,medium_high,1.000000,1.000000,11,5,10,0
46,medium_high,1.000000,1.000000,11,5,10,0
47,medium_high,0.750000,0.772727,11,5,10,0
48,medium_high,0.469049,0.381783,11,5,11,0
49,medium_high,0.555556,0.590909,11,5,10,0
50,medium_high,0.220273,0.214286,11,5,12,0
51,medium_high,1.000000,0.772727,11,5,10,1
52,medium_high,0.750000,0.590909,11,5,10,0
53,medium_high,1.000000,1.000000,11,5,10,0
54,medium_high,0.735450,0.560000,11,5,14,0
55,medium_high,0.222222,0.181818,11,5,10,0
56,medium_high,1.000000,1.000000,11,5,10,0
57,medium_high,1.000000,1.000000,11,5,10,0
58,medium_high,0.555556,0.590909,11,5,10,0
59,medium_high,0.555556,0.454545,11,5,10,0
60,medium_high,1.000000,0.772727,11,5,10,1
61,medium_high,0.527778,0.568182,11,5,10,0
62,medium_high,0.750000,0.590909,11,5,10,1
63,medium_high,1.000000,0.772727,11,5,10,0
64,medium_high,0.416667,0.454545,11,5,10,0
65,medium_high,0.361111,0.295455,11,5,10,0
66,medium_high,0.750000,0.590909,11,5,10,0
67,medium_high,0.750000,0.509690,11,5,10,2
68,medium_high,0.555556,0.339147,11,5,10,2
69,medium_high,1.000000,0.772727,11,5,10,1
70,medium_high,1.000000,1.000000,11,5,10,0
71,medium_high,1.000000,0.772727,11,5,10,0
72,medium_high,1.000000,1.000000,11,5,10,1
73,medium_high,0.416667,0.454545,11,5,10,1
74,medium_high,0.650350,0.680233,11,5,11,1
75,medium_high,0.750000,0.509690,11,5,10,2
76,medium_high,0.752426,0.570571,11,5,17,0
77,medium_high,0.805068,0.818681,11,5,12,1
78,medium_high,1.000000,1.000000,11,5,10,0
79,medium_high,0.555556,0.509690,11,5,10,2
80,medium_high,0.555556,0.339147,11,5,10,2
81,medium_high,1.000000,0.772727,11,5,10,1
82,medium_high,0.235949,0.168605,11,5,11,0
83,medium_high,0.750000,0.590909,11,5,10,0
84,medium_high,1.000000,1.000000,11,5,10,0
85,medium_high,1.000000,0.798535,11,5,10,3
86,medium_high,1.000000,0.772727,11,5,10,1
87,medium_high,1.000000,1.000000,11,5,10,0
88,medium_high,0.555556,0.454545,11,5,10,0
89,medium_high,1.000000,0.772727,11,5,10,1
90,medium_high,1.000000,0.772727,11,5,10,1
91,medium_high,0.750000,0.435897,11,5,10,3
92,medium_high,0.750000,0.590909,11,5,10,0
93,medium_high,0.555556,0.454545,11,5,10,0
94,medium_high,0.750000,0.568182,11,5,10,1
95,medium_high,0.750000,0.680233,11,5,10,2
96,medium_high,0.750000,0.597070,11,5,10,3
97,medium_high,0.750000,0.772727,11,5,10,0
98,medium_high,1.000000,1.000000,11,5,10,0
99,medium_high,1.000000,0.772727,11,5,10,1
100,medium_high,1.000000,1.000000,11,5,10,0
101,medium_high,1.000000,1.000000,11,5,10,0
102,medium_high,1.000000,0.772727,11,5,10,1
103,medium_high,1.000000,1.000000,11,5,10,0
104,medium_high,1.000000,0.772727,11,5,10,0
105,medium_high,1.000000,1.000000,11,5,10,0
106,medium_high,1.000000,0.772727,11,5,10,0
107,medium_high,1.000000,0.772727,11,5,10,1
108,medium_high,0.305556,0.204545,11,5,10,1
109,medium_high,0.750000,0.772727,11,5,10,0
110,medium_high,0.650350,0.435897,11,5,11,2
111,medium_high,0.750000,0.590909,11,5,10,0
112,medium_high,0.555556,0.590909,11,5,10,1
113,medium_high,0.750000,0.680233,11,5,10,2
114,medium_high,1.000000,0.893411,11,5,10,2
115,medium_high,1.000000,1.000000,11,5,10,0
116,medium_high,1.000000,1.000000,11,5,10,0
117,medium_high,0.750000,0.509690,11,5,10,2
118,medium_high,1.000000,1.000000,11,5,10,0
119,medium_high,0.171540,0.194139,11,5,12,0
120,medium_high,1.000000,1.000000,11,5,10,0
121,medium_high,0.555556,0.590909,11,5,10,0
122,medium_high,0.750000,0.772727,11,5,10,0
123,medium_high,1.000000,0.772727,11,5,10,0
124,medium_high,0.750000,0.772727,11,5,10,0
125,medium_high,1.000000,0.893411,11,5,10,2
126,medium_high,1.000000,1.000000,11,5,10,0
127,medium_high,1.000000,0.772727,11,5,10,1
128,medium_high,1.000000,1.000000,11,5,10,0
129,medium_high,1.000000,0.772727,11,5,10,1
130,medium_high,0.305556,0.204545,11,5,10,1
131,medium_high,1.000000,0.772727,11,5,10,0
132,medium_high,1.000000,0.772727,11,5,10,1
133,medium_high,1.000000,0.680233,11,5,10,2
134,medium_high,1.000000,1.000000,11,5,10,0
135,medium_high,1.000000,1.000000,11,5,10,1
136,medium_high,1.000000,0.772727,11,5,10,1
137,medium_high,0.333333,0.363636,11,5,10,0
138,medium_high,0.555556,0.454545,11,5,10,0
139,medium_high,1.000000,0.772727,11,5,10,1
140,medium_high,1.000000,1.000000,11,5,10,1
141,medium_high,0.305556,0.318182,11,5,10,0
142,medium_high,1.000000,1.000000,11,5,10,0
143,medium_high,1.000000,1.000000,11,5,10,0
144,medium_high,1.000000,0.772727,11,5,10,1
145,medium_high,0.305556,0.318182,11,5,10,0
146,medium_high,1.000000,0.772727,11,5,10,1
147,medium_high,0.339549,0.381783,11,5,11,0
148,medium_high,1.000000,1.000000,11,5,10,0
149,medium_high,0.333333,0.363636,11,5,10,0
150,medium_high,1.000000,1.000000,11,5,10,0
151,medium_high,0.132349,0.073260,11,5,11,2
152,medium_high,1.000000,0.772727,11,5,10,0
153,medium_high,1.000000,1.000000,11,5,10,0
154,medium_high,0.235949,0.147287,11,5,11,1
155,medium_high,1.000000,0.772727,11,5,10,1
156,medium_high,1.000000,1.000000,11,5,10,0
157,medium_high,1.000000,0.772727,11,5,10,1
158,medium_high,0.305556,0.253876,11,5,10,2
159,medium_high,0.250000,0.181818,11,5,10,1
160,medium_high,0.750000,0.568182,11,5,10,1
161,medium_high,0.555556,0.409091,11,5,10,1
162,medium_high,1.000000,1.000000,11,5,10,0
163,medium_high,0.138889,0.019380,11,5,10,2
164,medium_high,1.000000,1.000000,11,5,10,0
165,medium_high,1.000000,1.000000,11,5,10,0
166,medium_high,1.000000,0.772727,11,5,10,1
167,medium_high,0.305556,0.318182,11,5,10,1
168,medium_high,1.000000,0.772727,11,5,10,1
169,medium_high,1.000000,0.680233,11,5,10,2
170,medium_high,0.750000,0.680233,11,5,10,2
171,medium_high,1.000000,1.000000,11,5,10,0
172,medium_high,0.750000,0.509690,11,5,10,2
173,medium_high,1.000000,1.000000,11,5,10,0
174,medium_high,0.555556,0.590909,11,5,10,0
175,medium_high,0.750000,0.590909,11,5,10,1
176,medium_high,1.000000,0.772727,11,5,10,0
177,medium_high,1.000000,1.000000,11,5,10,0
178,medium_high,1.000000,0.772727,11,5,10,0
179,medium_high,1.000000,1.000000,11,5,10,0
180,medium_high,1.000000,1.000000,11,5,10,0
181,medium_high,1.000000,0.772727,11,5,10,0
182,medium_high,1.000000,1.000000,11,5,10,0
183,medium_high,1.000000,1.000000,11,5,10,0
184,medium_high,1.000000,1.000000,11,5,10,0
185,medium_high,1.000000,1.000000,11,5,10,0
186,medium_high,1.000000,1.000000,11,5,10,0
187,medium_high,0.555556,0.454545,11,5,10,0
188,medium_high,1.000000,1.000000,11,5,10,0
189,medium_high,1.000000,1.000000,11,5,10,0
190,medium_high,1.000000,1.000000,11,5,10,0
191,medium_high,1.000000,1.000000,11,5,10,0
192,medium_high,0.750000,0.590909,11,5,10,0
193,medium_high,0.750000,0.590909,11,5,10,0
194,medium_high,1.000000,1.000000,11,5,10,0
195,medium_high,1.000000,1.000000,11,5,10,0
196,medium_high,0.650350,0.509690,11,5,11,0
197,medium_high,1.000000,1.000000,11,5,10,0
198,medium_high,1.000000,1.000000,11,5,10,0
199,medium_high,0.750000,0.590909,11,5,10,0
200,medium_high,1.000000,1.000000,11,5,10,0
201,medium_high,1.000000,1.000000,11,5,10,1
202,medium_high,1.000000,1.000000,11,5,10,1
203,medium_high,0.750000,0.772727,11,5,10,0
204,medium_high,1.000000,1.000000,11,5,10,0
205,medium_high,0.750000,0.590909,11,5,10,1
206,medium_high,1.000000,1.000000,11,5,10,0
207,medium_high,1.000000,0.772727,11,5,10,1
208,medium_high,1.000000,1.000000,11,5,10,0
209,medium_high,1.000000,0.798535,11,5,10,3
210,medium_high,0.555556,0.409091,11,5,10,1
211,medium_high,0.750000,0.568182,11,5,10,1
212,medium_high,1.000000,1.000000,11,5,10,0
213,medium_high,0.555556,0.454545,11,5,10,1
214,medium_high,0.750000,0.680233,11,5,10,2
215,medium_high,0.750000,0.590909,11,5,10,1
216,medium_high,1.000000,1.000000,11,5,10,0
217,medium_high,1.000000,1.000000,11,5,10,0
218,medium_high,1.000000,0.893411,11,5,10,2
219,medium_high,1.000000,0.772727,11,5,10,1
220,medium_high,0.333333,0.296512,11,5,10,2
221,medium_high,1.000000,0.798535,11,5,10,3
222,medium_high,1.000000,0.893411,11,5,10,2
223,medium_high,1.000000,0.772727,11,5,10,0
224,medium_high,0.555556,0.454545,11,5,10,0
225,medium_high,0.333333,0.296512,11,5,10,2
226,medium_high,0.342105,0.375458,11,5,12,1
227,medium_high,0.750000,0.568182,11,5,10,1
228,medium_high,0.356308,0.372372,11,5,17,1
229,medium_high,1.000000,1.000000,11,5,10,0
230,medium_high,1.000000,1.000000,11,5,10,0
231,medium_high,1.000000,0.772727,11,5,10,0
232,medium_high,1.000000,1.000000,11,5,10,0
233,medium_high,0.555556,0.454545,11,5,10,0
234,medium_high,1.000000,0.772727,11,5,10,1
235,medium_high,0.333333,0.227273,11,5,10,1
236,medium_high,0.750000,0.590909,11,5,10,1
237,medium_high,0.750000,0.680233,11,5,10,2
238,medium_high,1.000000,1.000000,11,5,10,1
239,medium_high,1.000000,0.772727,11,5,10,1
240,medium_high,1.000000,1.000000,11,5,10,1
241,medium_high,1.000000,1.000000,11,5,10,1
242,medium_high,1.000000,0.772727,11,5,10,0
243,medium_high,0.222222,0.211240,11,5,10,2
244,medium_high,1.000000,0.680233,11,5,10,2
245,medium_high,0.333333,0.318182,11,5,10,0
246,medium_high,0.555556,0.454545,11,5,10,0
247,medium_high,0.750000,0.680233,11,5,10,2
248,medium_high,0.750000,0.509690,11,5,10,2
249,medium_high,1.000000,1.000000,11,5,10,0
250,medium_high,0.750000,0.435897,11,5,10,3
251,medium_high,1.000000,0.772727,11,5,10,1
252,medium_high,0.750000,0.568182,11,5,10,1
253,medium_high,1.000000,0.772727,11,5,10,1
254,medium_high,0.333333,0.253876,11,5,10,2
255,medium_high,1.000000,1.000000,11,5,10,0
256,medium_high,1.000000,0.772727,11,5,10,1
257,medium_high,1.000000,1.000000,11,5,10,0
258,medium_high,1.000000,1.000000,11,5,10,0
259,medium_high,1.000000,0.772727,11,5,10,1
260,medium_high,1.000000,0.680233,11,5,10,2
261,medium_high,1.000000,0.772727,11,5,10,1
262,medium_high,1.000000,0.680233,11,5,10,2
263,medium_high,1.000000,0.772727,11,5,10,1
264,medium_high,1.000000,0.680233,11,5,10,2
265,medium_high,1.000000,0.772727,11,5,10,1
266,medium_high,0.750000,0.680233,11,5,10,2
267,medium_high,1.000000,0.680233,11,5,10,2
268,medium_high,0.750000,0.597070,11,5,10,3
269,medium_high,1.000000,0.680233,11,5,10,2
270,medium_high,0.555556,0.409091,11,5,10,1
271,medium_high,0.416667,0.454545,11,5,10,0
272,medium_high,0.650350,0.435897,11,5,11,2
273,medium_high,0.555556,0.409091,11,5,10,1
274,medium_high,1.000000,0.680233,11,5,10,2
275,medium_high,1.000000,0.772727,11,5,10,1
276,medium_high,1.000000,0.893411,11,5,10,2
277,medium_high,0.750000,0.772727,11,5,10,1
278,medium_high,1.000000,1.000000,11,5,10,0
279,medium_high,0.416667,0.295455,11,5,10,1
280,medium_high,1.000000,0.772727,11,5,10,1
281,medium_high,1.000000,1.000000,11,5,10,0
282,medium_high,0.750000,0.568182,11,5,10,1
283,medium_high,1.000000,0.772727,11,5,10,0
284,medium_high,0.750000,0.568182,11,5,10,1
285,medium_high,0.305556,0.093407,11,5,10,3
286,medium_high,1.000000,1.000000,11,5,10,0
287,medium_high,0.555556,0.339147,11,5,10,2
288,medium_high,1.000000,0.772727,11,5,10,1
289,medium_high,1.000000,0.772727,11,5,10,1
290,medium_high,1.000000,0.772727,11,5,10,1
291,medium_high,0.555556,0.454545,11,5,10,0
292,medium_high,1.000000,0.680233,11,5,10,2
293,medium_high,1.000000,1.000000,11,5,10,0
294,medium_high,0.416667,0.295455,11,5,10,1
295,medium_high,0.555556,0.454545,11,5,10,0
296,medium_high,1.000000,0.772727,11,5,10,1
297,medium_high,1.000000,0.772727,11,5,10,1
298,medium_high,1.000000,0.772727,11,5,10,1
299,medium_high,1.000000,0.772727,11,5,10,1
300,medium_high,1.000000,0.680233,11,5,10,2
301,medium_high,1.000000,1.000000,11,5,10,0
302,medium_high,1.000000,1.000000,11,5,10,0
303,medium_high,0.750000,0.590909,11,5,10,1
304,medium_high,0.416667,0.454545,11,5,10,0
305,medium_high,0.555556,0.435897,11,5,10,3
306,medium_high,1.000000,0.680233,11,5,10,2
307,medium_high,1.000000,1.000000,11,5,10,0
308,medium_high,1.000000,0.772727,11,5,10,1
309,medium_high,1.000000,0.893411,11,5,10,2
310,medium_high,0.750000,0.590909,11,5,10,1
311,medium_high,0.555556,0.409091,11,5,10,1
312,medium_high,0.750000,0.568182,11,5,10,1
313,medium_high,0.750000,0.772727,11,5,10,1
314,medium_high,0.555556,0.590909,11,5,10,1
315,medium_high,0.555556,0.454545,11,5,10,0
316,medium_high,1.000000,0.772727,11,5,10,1
317,medium_high,1.000000,1.000000,11,5,10,1
318,medium_high,1.000000,0.772727,11,5,10,0
319,medium_high,1.000000,0.772727,11,5,10,0
320,medium_high,1.000000,0.772727,11,5,10,0
321,medium_high,1.000000,0.772727,11,5,10,1
322,medium_high,1.000000,0.798535,11,5,10,3
323,medium_high,1.000000,0.772727,11,5,10,1
324,medium_high,1.000000,0.772727,11,5,10,1
325,medium_high,0.750000,0.590909,11,5,10,0
326,medium_high,1.000000,0.772727,11,5,10,1
327,medium_high,1.000000,1.000000,11,5,10,0
328,medium_high,1.000000,0.680233,11,5,10,2
329,medium_high,1.000000,0.772727,11,5,10,1
330,medium_high,1.000000,0.680233,11,5,10,2
331,medium_high,1.000000,1.000000,11,5,10,0
332,medium_high,1.000000,1.000000,11,5,10,0
333,medium_high,1.000000,1.000000,11,5,10,1
334,medium_high,1.000000,0.772727,11,5,10,0
335,medium_high,0.305556,0.194139,11,5,10,3
336,medium_high,1.000000,1.000000,11,5,10,0
337,medium_high,1.000000,0.772727,11,5,10,1
338,medium_high,0.750000,0.568182,11,5,10,1
339,medium_high,1.000000,0.772727,11,5,10,1
340,medium_high,1.000000,0.772727,11,5,10,1
341,medium_high,0.555556,0.590909,11,5,10,0
342,medium_high,1.000000,1.000000,11,5,10,1
343,medium_high,0.333333,0.227273,11,5,10,1
344,medium_high,1.000000,1.000000,11,5,10,0
345,medium_high,1.000000,1.000000,11,5,10,0
346,medium_high,0.750000,0.772727,11,5,10,0
347,medium_high,1.000000,1.000000,11,5,10,0
348,medium_high,0.555556,0.454545,11,5,10,0
349,medium_high,0.650350,0.680233,11,5,11,1
350,medium_high,0.750000,0.772727,11,5,10,0
351,medium_high,1.000000,1.000000,11,5,10,0
352,medium_high,1.000000,1.000000,11,5,10,0
353,medium_high,1.000000,0.680233,11,5,10,2
354,medium_high,0.361111,0.232558,11,5,10,2
355,medium_high,0.555556,0.339147,11,5,10,2
356,medium_high,0.750000,0.590909,11,5,10,0
357,medium_high,1.000000,0.772727,11,5,10,1
358,medium_high,0.416667,0.454545,11,5,10,0
359,medium_high,1.000000,1.000000,11,5,10,0
360,medium_high,1.000000,1.000000,11,5,10,0
361,medium_high,0.750000,0.488372,11,5,10,2
362,medium_high,0.555556,0.590909,11,5,10,0
363,medium_high,1.000000,0.772727,11,5,10,1
364,medium_high,1.000000,0.772727,11,5,10,1
365,medium_high,1.000000,1.000000,11,5,10,0
366,medium_high,0.750000,0.568182,11,5,10,1
367,medium_high,1.000000,0.772727,11,5,10,1
368,medium_high,1.000000,0.772727,11,5,10,1
369,medium_high,1.000000,0.680233,11,5,10,2
370,medium_high,0.555556,0.590909,11,5,10,0
371,medium_high,0.750000,0.568182,11,5,10,1
372,medium_high,1.000000,0.680233,11,5,10,2
373,medium_high,1.000000,0.772727,11,5,10,1
374,medium_high,0.750000,0.772727,11,5,10,0
375,medium_high,1.000000,1.000000,11,5,10,1
376,medium_high,1.000000,1.000000,11,5,10,0
377,medium_high,0.537037,0.517544,11,5,18,1
378,medium_high,1.000000,0.772727,11,5,10,1
379,medium_high,1.000000,1.000000,11,5,10,0
380,medium_high,1.000000,0.680233,11,5,10,2
381,medium_high,1.000000,0.772727,11,5,10,1
382,medium_high,0.194444,0.136364,11,5,10,1
383,medium_high,1.000000,0.893411,11,5,10,2
384,medium_high,0.555556,0.590909,11,5,10,0
385,medium_high,0.111111,0.083333,11,5,10,2
386,medium_high,1.000000,1.000000,11,5,10,0
387,medium_high,1.000000,0.772727,11,5,10,1
388,medium_high,0.416667,0.295455,11,5,10,1
389,medium_high,1.000000,0.772727,11,5,10,1
390,medium_high,1.000000,0.893411,11,5,10,2
391,medium_high,1.000000,1.000000,11,5,10,0
392,medium_high,0.750000,0.772727,11,5,10,1
393,medium_high,0.555556,0.454545,11,5,10,0
394,medium_high,0.555556,0.590909,11,5,10,1
395,medium_high,1.000000,1.000000,11,5,10,1
396,medium_high,0.416667,0.381783,11,5,10,2
397,medium_high,1.000000,1.000000,11,5,10,0
398,medium_high,1.000000,0.772727,11,5,10,1
399,medium_high,1.000000,1.000000,11,5,10,1
400,medium_high,1.000000,1.000000,11,5,10,0
401,medium_high,0.750000,0.590909,11,5,10,1
402,medium_high,0.750000,0.772727,11,5,10,1
403,medium_high,0.555556,0.509690,11,5,10,2
404,medium_high,1.000000,1.000000,11,5,10,0
405,medium_high,1.000000,0.680233,11,5,10,2
406,medium_high,1.000000,1.000000,11,5,10,0
407,medium_high,0.555556,0.454545,11,5,10,1
408,medium_high,0.087549,0.118467,11,5,13,1
409,medium_high,1.000000,0.772727,11,5,10,1
410,medium_high,1.000000,1.000000,11,5,10,0
411,medium_high,0.261849,0.194139,11,5,11,2
412,medium_high,0.750000,0.488372,11,5,10,2
413,medium_high,1.000000,0.680233,11,5,10,2
414,medium_high,1.000000,0.772727,11,5,10,1
415,medium_high,1.000000,0.680233,11,5,10,2
416,medium_high,1.000000,1.000000,11,5,10,0
417,medium_high,1.000000,0.772727,11,5,10,1
418,medium_high,0.555556,0.454545,11,5,10,0
419,medium_high,1.000000,0.680233,11,5,10,2
420,medium_high,1.000000,0.772727,11,5,10,1
421,medium_high,1.000000,0.680233,11,5,10,2
422,medium_high,1.000000,1.000000,11,5,10,0
423,medium_high,0.416667,0.363636,11,5,10,1
424,medium_high,1.000000,0.680233,11,5,10,2
425,medium_high,1.000000,1.000000,11,5,10,1
426,medium_high,1.000000,0.893411,11,5,10,2
427,medium_high,1.000000,0.680233,11,5,10,2
428,medium_high,0.416667,0.295455,11,5,10,1
429,medium_high,0.555556,0.435897,11,5,10,3
430,medium_high,1.000000,1.000000,11,5,10,0
431,medium_high,1.000000,1.000000,11,5,10,0
432,medium_high,1.000000,0.893411,11,5,10,2
433,medium_high,1.000000,1.000000,11,5,10,0
434,medium_high,1.000000,1.000000,11,5,10,0
435,medium_high,1.000000,0.772727,11,5,10,1
436,medium_high,0.555556,0.454545,11,5,10,0
437,medium_high,1.000000,1.000000,11,5,10,0
438,medium_high,1.000000,1.000000,11,5,10,0
439,medium_high,1.000000,1.000000,11,5,10,0
440,medium_high,1.000000,0.893411,11,5,10,2
441,medium_high,1.000000,0.772727,11,5,10,1
442,medium_high,1.000000,0.772727,11,5,10,0
443,medium_high,1.000000,0.772727,11,5,10,0
444,medium_high,1.000000,1.000000,11,5,10,1
445,medium_high,1.000000,0.772727,11,5,10,0
446,medium_high,1.000000,0.772727,11,5,10,1
447,medium_high,1.000000,0.772727,11,5,10,1
448,medium_high,1.000000,1.000000,11,5,10,0
449,medium_high,1.000000,0.798535,11,5,10,3
450,medium_high,1.000000,1.000000,11,5,10,0
451,medium_high,0.750000,0.772727,11,5,10,0
452,medium_high,0.333333,0.253876,11,5,10,2
453,medium_high,1.000000,1.000000,11,5,10,0
454,medium_high,0.555556,0.454545,11,5,10,0
455,medium_high,0.613785,0.575714,11,5,17,3
456,medium_high,1.000000,0.680233,11,5,10,2
457,medium_high,1.000000,0.680233,11,5,10,2
458,medium_high,0.750000,0.680233,11,5,10,2
459,medium_high,0.750000,0.568182,11,5,10,1
460,medium_high,0.416667,0.381783,11,5,10,2
461,medium_high,1.000000,1.000000,11,5,10,0
462,medium_high,1.000000,1.000000,11,5,10,0
463,medium_high,1.000000,1.000000,11,5,10,1
464,medium_high,1.000000,0.772727,11,5,10,0
465,medium_high,1.000000,0.772727,11,5,10,1
466,medium_high,0.555556,0.409091,11,5,10,1
467,medium_high,1.000000,1.000000,11,5,10,0
468,medium_high,1.000000,1.000000,11,5,10,0
469,medium_high,0.339549,0.381783,11,5,11,0
470,medium_high,1.000000,1.000000,11,5,10,0
471,medium_high,1.000000,1.000000,11,5,10,0
472,medium_high,1.000000,0.772727,11,5,10,1
473,medium_high,1.000000,1.000000,11,5,10,0
474,medium_high,0.750000,0.680233,11,5,10,2
475,medium_high,0.750000,0.597070,11,5,10,3
476,medium_high,1.000000,0.680233,11,5,10,2
477,medium_high,1.000000,0.893411,11,5,10,2
478,medium_high,1.000000,1.000000,11,5,10,0
479,medium_high,1.000000,0.680233,11,5,10,2
480,medium_high,0.750000,0.509690,11,5,10,2
481,medium_high,1.000000,1.000000,11,5,10,0
482,medium_high,0.555556,0.409091,11,5,10,1
483,medium_high,1.000000,1.000000,11,5,10,0
484,medium_high,0.750000,0.680233,11,5,10,2
485,medium_high,1.000000,1.000000,11,5,10,1
486,medium_high,1.000000,1.000000,11,5,10,0
487,medium_high,1.000000,0.772727,11,5,10,1
488,medium_high,1.000000,0.680233,11,5,10,2
489,medium_high,1.000000,0.772727,11,5,10,1
490,medium_high,0.750000,0.772727,11,5,10,0
491,medium_high,0.555556,0.590909,11,5,10,0
492,medium_high,0.210049,0.253876,11,5,11,1
493,medium_high,0.750000,0.772727,11,5,10,0
494,medium_high,0.750000,0.772727,11,5,10,1
495,medium_high,1.000000,0.772727,11,5,10,1
496,medium_high,0.750000,0.772727,11,5,10,1
497,medium_high,1.000000,1.000000,11,5,10,1
498,medium_high,1.000000,1.000000,11,5,10,0
499,medium_high,0.750000,0.590909,11,5,10,1
500,medium_high,1.000000,1.000000,11,5,10,0
501,medium_high,1.000000,1.000000,11,5,10,0
502,medium_high,1.000000,0.680233,11,5,10,2
503,medium_high,1.000000,0.680233,11,5,10,2
504,medium_high,1.000000,0.772727,11,5,10,0
505,medium_high,1.000000,0.893411,11,5,10,2
506,medium_high,0.416667,0.295455,11,5,10,1
507,medium_high,1.000000,0.798535,11,5,10,3
508,medium_high,1.000000,1.000000,11,5,10,1
509,medium_high,0.750000,0.590909,11,5,10,1
510,medium_high,0.750000,0.568182,11,5,10,1
511,medium_high,1.000000,1.000000,11,5,10,1
512,medium_high,1.000000,0.772727,11,5,10,0
513,medium_high,0.750000,0.772727,11,5,10,0
514,medium_high,0.750000,0.772727,11,5,10,0
515,medium_high,1.000000,1.000000,11,5,10,0
516,medium_high,1.000000,0.772727,11,5,10,0
517,medium_high,1.000000,1.000000,11,5,10,0
518,medium_high,0.416667,0.363636,11,5,10,0
519,medium_high,0.333333,0.318182,11,5,10,0
520,medium_high,0.750000,0.680233,11,5,10,2
521,medium_high,1.000000,1.000000,11,5,10,0
522,medium_high,0.750000,0.509690,11,5,10,2
523,medium_high,0.750000,0.509690,11,5,10,2
524,medium_high,0.555556,0.454545,11,5,10,0
525,medium_high,1.000000,1.000000,11,5,10,0
526,medium_high,1.000000,0.772727,11,5,10,0
527,medium_high,1.000000,0.772727,11,5,10,1
528,medium_high,1.000000,1.000000,11,5,10,1
529,medium_high,1.000000,1.000000,11,5,10,0
530,medium_high,1.000000,0.772727,11,5,10,1
531,medium_high,1.000000,1.000000,11,5,10,0
532,medium_high,0.555556,0.339147,11,5,10,2
533,medium_high,0.750000,0.772727,11,5,10,0
534,medium_high,1.000000,0.772727,11,5,10,1
535,medium_high,1.000000,1.000000,11,5,10,0
536,medium_high,0.555556,0.409091,11,5,10,1
537,medium_high,0.416667,0.454545,11,5,10,0
538,medium_high,0.305556,0.318182,11,5,10,1
539,medium_high,1.000000,0.772727,11,5,10,1
540,medium_high,0.750000,0.680233,11,5,10,2
541,medium_high,1.000000,1.000000,11,5,10,1
542,medium_high,0.750000,0.568182,11,5,10,1
543,medium_high,1.000000,1.000000,11,5,10,0
544,medium_high,0.750000,0.590909,11,5,10,1
545,medium_high,1.000000,1.000000,11,5,10,0
546,medium_high,1.000000,0.520906,11,5,10,4
547,medium_high,1.000000,1.000000,11,5,10,1
548,medium_high,1.000000,0.680233,11,5,10,2
549,medium_high,1.000000,0.772727,11,5,10,1
550,medium_high,1.000000,0.772727,11,5,10,0
551,medium_high,0.361111,0.272727,11,5,10,1
552,medium_high,1.000000,1.000000,11,5,10,1
553,medium_high,1.000000,0.772727,11,5,10,1
554,medium_high,1.000000,0.772727,11,5,10,1
555,medium_high,0.250000,0.295455,11,5,10,1
556,medium_high,0.750000,0.509690,11,5,10,2
557,medium_high,1.000000,0.772727,11,5,10,0
558,medium_high,1.000000,1.000000,11,5,10,0
559,medium_high,1.000000,0.772727,11,5,10,1
560,medium_high,0.305556,0.253876,11,5,10,2
561,medium_high,1.000000,0.772727,11,5,10,1
562,medium_high,1.000000,0.680233,11,5,10,2
563,medium_high,0.750000,0.509690,11,5,10,2
564,medium_high,0.555556,0.409091,11,5,10,1
565,medium_high,0.750000,0.772727,11,5,10,0
566,medium_high,0.750000,0.568182,11,5,10,1
567,medium_high,0.750000,0.772727,11,5,10,0
568,medium_high,1.000000,1.000000,11,5,10,0
569,medium_high,1.000000,0.680233,11,5,10,2
570,medium_high,0.750000,0.597070,11,5,10,3
571,medium_high,1.000000,1.000000,11,5,10,0
572,medium_high,1.000000,0.680233,11,5,10,2
573,medium_high,1.000000,0.772727,11,5,10,1
574,medium_high,1.000000,0.772727,11,5,10,0
575,medium_high,1.000000,0.680233,11,5,10,2
576,medium_high,1.000000,0.772727,11,5,10,1
577,medium_high,0.750000,0.590909,11,5,10,1
578,medium_high,0.138889,0.136364,11,5,10,0
579,medium_high,0.416667,0.454545,11,5,10,0
580,medium_high,1.000000,0.680233,11,5,10,2
581,medium_high,1.000000,0.597070,11,5,10,3
582,medium_high,0.305556,0.318182,11,5,10,1
583,medium_high,0.750000,0.772727,11,5,10,0
584,medium_high,1.000000,1.000000,11,5,10,0
585,medium_high,1.000000,0.597070,11,5,10,3
586,medium_high,1.000000,1.000000,11,5,10,0
587,medium_high,0.555556,0.409091,11,5,10,1
588,medium_high,1.000000,0.772727,11,5,10,1
589,medium_high,1.000000,1.000000,11,5,10,0
590,medium_high,1.000000,0.772727,11,5,10,1
591,medium_high,0.305556,0.318182,11,5,10,0
592,medium_high,0.555556,0.590909,11,5,10,0
593,medium_high,0.750000,0.772727,11,5,10,0
594,medium_high,0.750000,0.772727,11,5,10,0
595,medium_high,0.750000,0.568182,11,5,10,1
596,medium_high,1.000000,0.680233,11,5,10,2
597,medium_high,1.000000,0.680233,11,5,10,2
598,medium_high,1.000000,0.597070,11,5,10,3
599,medium_high,1.000000,1.000000,11,5,10,0
600,medium_high,1.000000,1.000000,11,5,10,1
601,medium_high,0.750000,0.772727,11,5,10,0
602,medium_high,0.750000,0.568182,11,5,10,1
603,medium_high,1.000000,1.000000,11,5,10,1
604,medium_high,0.750000,0.772727,11,5,10,0
605,medium_high,0.527778,0.386364,11,5,10,1
606,medium_high,1.000000,0.798535,11,5,10,3
607,medium_high,1.000000,1.000000,11,5,10,1
608,medium_high,1.000000,1.000000,11,5,10,0
609,medium_high,1.000000,0.680233,11,5,10,2
610,medium_high,1.000000,1.000000,11,5,10,0
611,medium_high,1.000000,0.893411,11,5,10,2
612,medium_high,1.000000,0.680233,11,5,10,2
613,medium_high,0.555556,0.454545,11,5,10,0
614,medium_high,1.000000,1.000000,11,5,10,0
615,medium_high,0.351852,0.291317,11,5,20,1
616,medium_high,1.000000,0.772727,11,5,10,1
617,medium_high,0.333333,0.227273,11,5,10,1
618,medium_high,0.750000,0.680233,11,5,10,2
619,medium_high,0.416667,0.363636,11,5,10,1
620,medium_high,1.000000,1.000000,11,5,10,0
621,medium_high,0.750000,0.772727,11,5,10,0
622,medium_high,0.750000,0.509690,11,5,10,2
623,medium_high,0.750000,0.568182,11,5,10,1
624,medium_high,0.750000,0.772727,11,5,10,0
625,medium_high,0.750000,0.772727,11,5,10,0
626,medium_high,0.750000,0.568182,11,5,10,1
627,medium_high,1.000000,0.680233,11,5,10,2
628,medium_high,0.555556,0.409091,11,5,10,1
629,medium_high,0.305556,0.318182,11,5,10,0
630,medium_high,0.416667,0.295455,11,5,10,1
631,medium_high,0.750000,0.590909,11,5,10,0
632,medium_high,1.000000,1.000000,11,5,10,0
633,medium_high,1.000000,1.000000,11,5,10,0
634,medium_high,0.555556,0.454545,11,5,10,0
635,medium_high,1.000000,0.772727,11,5,10,0
636,medium_high,1.000000,0.772727,11,5,10,0
637,medium_high,0.527778,0.568182,11,5,10,0
638,medium_high,1.000000,1.000000,11,5,10,0
639,medium_high,1.000000,1.000000,11,5,10,0
640,medium_high,1.000000,1.000000,11,5,10,0
641,medium_high,0.305556,0.318182,11,5,10,0
642,medium_high,1.000000,1.000000,11,5,10,0
643,medium_high,1.000000,0.772727,11,5,10,0
644,medium_high,1.000000,1.000000,11,5,10,0
645,medium_high,0.134199,0.073370,11,5,22,0
646,medium_high,0.750000,0.590909,11,5,10,0
647,medium_high,1.000000,1.000000,11,5,10,0
648,medium_high,1.000000,1.000000,11,5,10,0
649,medium_high,0.735450,0.559295,11,5,15,0
650,medium_high,1.000000,1.000000,11,5,10,0
651,medium_high,1.000000,1.000000,11,5,10,0
652,medium_high,1.000000,0.772727,11,5,10,0
653,medium_high,1.000000,1.000000,11,5,10,0
654,medium_high,1.000000,1.000000,11,5,10,0
655,medium_high,1.000000,1.000000,11,5,10,0
656,medium_high,1.000000,0.772727,11,5,10,0
657,medium_high,1.000000,0.772727,11,5,10,0
658,medium_high,1.000000,1.000000,11,5,10,0
659,medium_high,1.000000,1.000000,11,5,10,0
660,medium_high,1.000000,1.000000,11,5,10,0
661,medium_high,0.555556,0.454545,11,5,10,0
662,medium_high,1.000000,1.000000,11,5,10,0
663,medium_high,1.000000,1.000000,11,5,10,0
664,medium_high,1.000000,1.000000,11,5,10,0
665,medium_high,1.000000,1.000000,11,5,10,0
666,medium_high,0.750000,0.590909,11,5,10,0
667,medium_high,0.613785,0.471471,11,5,17,0
668,medium_high,1.000000,1.000000,11,5,10,0
669,medium_high,1.000000,0.772727,11,5,10,0
670,medium_high,1.000000,1.000000,11,5,10,0
671,medium_high,0.333333,0.363636,11,5,10,0
672,medium_high,1.000000,1.000000,11,5,10,0
673,medium_high,0.555556,0.590909,11,5,10,0
674,medium_high,0.416667,0.454545,11,5,10,0
675,medium_high,1.000000,1.000000,11,5,10,0
676,medium_high,0.750000,0.772727,11,5,10,0
677,medium_high,1.000000,1.000000,11,5,10,0
678,medium_high,1.000000,0.772727,11,5,10,0
679,medium_high,1.000000,1.000000,11,5,10,0
680,medium_high,1.000000,1.000000,11,5,10,0
681,medium_high,1.000000,0.772727,11,5,10,0
682,medium_high,0.416667,0.363636,11,5,10,0
683,medium_high,0.555556,0.590909,11,5,10,0
684,medium_high,0.555556,0.590909,11,5,10,0
685,medium_high,0.750000,0.590909,11,5,10,0
686,medium_high,1.000000,1.000000,11,5,10,0
687,medium_high,1.000000,1.000000,11,5,10,0
688,medium_high,1.000000,1.000000,11,5,10,0
689,medium_high,1.000000,1.000000,11,5,10,0
690,medium_high,0.527778,0.568182,11,5,10,0
691,medium_high,1.000000,1.000000,11,5,10,0
692,medium_high,1.000000,0.772727,11,5,10,0
693,medium_high,0.333333,0.318182,11,5,10,0
694,medium_high,0.555556,0.590909,11,5,10,0
695,medium_high,0.544974,0.418269,11,5,15,0
696,medium_high,0.333333,0.363636,11,5,10,0
697,medium_high,0.750000,0.772727,11,5,10,0
698,medium_high,1.000000,0.772727,11,5,10,0
699,medium_high,1.000000,1.000000,11,5,10,0
700,medium_high,1.000000,0.772727,11,5,10,0
701,medium_high,1.000000,1.000000,11,5,10,0
702,medium_high,1.000000,1.000000,11,5,10,0
703,medium_high,1.000000,1.000000,11,5,10,0
704,medium_high,0.750000,0.772727,11,5,10,0
705,medium_high,0.750000,0.772727,11,5,10,0
706,medium_high,1.000000,1.000000,11,5,10,0
707,medium_high,0.555556,0.590909,11,5,10,0
708,medium_high,1.000000,1.000000,11,5,10,0
709,medium_high,0.750000,0.772727,11,5,10,0
710,medium_high,1.000000,1.000000,11,5,10,0
711,medium_high,1.000000,0.772727,11,5,10,0
712,medium_high,1.000000,1.000000,11,5,10,0
713,medium_high,1.000000,1.000000,11,5,10,0
714,medium_high,0.555556,0.590909,11,5,10,0
715,medium_high,1.000000,0.772727,11,5,10,0
716,medium_high,1.000000,1.000000,11,5,10,0
717,medium_high,1.000000,0.772727,11,5,10,0
718,medium_high,1.000000,1.000000,11,5,10,0
719,medium_high,0.291005,0.241987,11,5,15,0
720,medium_high,1.000000,1.000000,11,5,10,0
721,medium_high,0.305556,0.318182,11,5,10,0
722,medium_high,1.000000,0.772727,11,5,10,0
723,medium_high,1.000000,1.000000,11,5,10,0
724,medium_high,1.000000,1.000000,11,5,10,0
725,medium_high,0.416667,0.454545,11,5,10,0
726,medium_high,0.555556,0.454545,11,5,10,0
727,medium_high,0.750000,0.772727,11,5,10,0
728,medium_high,1.000000,1.000000,11,5,10,0
729,medium_high,1.000000,1.000000,11,5,10,0
730,medium_high,0.555556,0.590909,11,5,10,0
731,medium_high,0.333333,0.318182,11,5,10,0
732,medium_high,0.750000,0.772727,11,5,10,0
733,medium_high,0.750000,0.772727,11,5,10,0
734,medium_high,0.750000,0.590909,11,5,10,0
735,medium_high,1.000000,1.000000,11,5,10,0
736,medium_high,0.750000,0.590909,11,5,10,0
737,medium_high,1.000000,1.000000,11,5,10,0
738,medium_high,0.750000,0.590909,11,5,10,0
739,medium_high,0.650350,0.509690,11,5,11,0
740,medium_high,1.000000,1.000000,11,5,10,0
741,medium_high,1.000000,1.000000,11,5,10,0
742,medium_high,1.000000,1.000000,11,5,10,0
743,medium_high,0.750000,0.590909,11,5,10,0
744,medium_high,0.750000,0.590909,11,5,10,0
745,medium_high,0.305556,0.318182,11,5,10,0
746,medium_high,1.000000,0.772727,11,5,10,0
747,medium_high,0.613785,0.471471,11,5,17,0
748,medium_high,0.305556,0.318182,11,5,10,0
749,medium_high,1.000000,0.772727,11,5,10,0
750,medium_high,1.000000,0.772727,11,5,10,0
751,medium_high,1.000000,1.000000,11,5,10,0
752,medium_high,1.000000,1.000000,11,5,10,0
753,medium_high,0.416667,0.363636,11,5,10,0
754,medium_high,0.333333,0.363636,11,5,10,0
755,medium_high,1.000000,1.000000,11,5,10,0
756,medium_high,1.000000,1.000000,11,5,10,0
757,medium_high,0.750000,0.772727,11,5,10,0
758,medium_high,0.555556,0.590909,11,5,10,0
759,medium_high,0.750000,0.772727,11,5,10,0
760,medium_high,0.416667,0.363636,11,5,10,0
761,medium_high,0.555556,0.590909,11,5,10,0
762,medium_high,1.000000,1.000000,11,5,10,0
763,medium_high,1.000000,1.000000,11,5,10,0
764,medium_high,1.000000,1.000000,11,5,10,0
765,medium_high,0.555556,0.454545,11,5,10,0
766,medium_high,0.750000,0.772727,11,5,10,0
767,medium_high,0.750000,0.772727,11,5,10,0
768,medium_high,1.000000,0.772727,11,5,10,0
769,medium_high,1.000000,1.000000,11,5,10,0
770,medium_high,0.750000,0.590909,11,5,10,0
771,medium_high,1.000000,1.000000,11,5,10,0
772,medium_high,1.000000,1.000000,11,5,10,0
773,medium_high,1.000000,0.772727,11,5,10,0
774,medium_high,1.000000,1.000000,11,5,10,0
775,medium_high,0.672068,0.517544,11,5,18,0
776,medium_high,1.000000,0.772727,11,5,10,0
777,medium_high,1.000000,1.000000,11,5,10,0
778,medium_high,0.750000,0.590909,11,5,10,0
779,medium_high,1.000000,0.772727,11,5,10,0
780,medium_high,0.555556,0.454545,11,5,10,0
781,medium_high,0.333333,0.363636,11,5,10,0
782,medium_high,0.750000,0.772727,11,5,10,0
783,medium_high,1.000000,1.000000,11,5,10,0
784,medium_high,0.750000,0.590909,11,5,10,0
785,medium_high,1.000000,1.000000,11,5,10,0
786,medium_high,1.000000,1.000000,11,5,10,0
787,medium_high,1.000000,1.000000,11,5,10,0
788,medium_high,1.000000,1.000000,11,5,10,0
789,medium_high,1.000000,0.772727,11,5,10,0
790,medium_high,0.555556,0.454545,11,5,10,0
791,medium_high,1.000000,1.000000,11,5,10,0
792,medium_high,1.000000,1.000000,11,5,10,0
793,medium_high,1.000000,1.000000,11,5,10,0
794,medium_high,1.000000,1.000000,11,5,10,0
795,medium_high,1.000000,1.000000,11,5,10,0
796,medium_high,0.750000,0.590909,11,5,10,0
797,medium_high,1.000000,1.000000,11,5,10,0
798,medium_high,0.750000,0.590909,11,5,10,0
799,medium_high,0.750000,0.590909,11,5,10,0
800,medium_high,1.000000,1.000000,11,5,10,0
801,medium_high,1.000000,1.000000,11,5,10,0
802,medium_high,1.000000,1.000000,11,5,10,0
803,medium_high,1.000000,1.000000,11,5,10,0
804,medium_high,0.416667,0.363636,11,5,10,0
805,medium_high,1.000000,1.000000,11,5,10,0
806,medium_high,1.000000,1.000000,11,5,10,0
807,medium_high,1.000000,1.000000,11,5,10,0
808,medium_high,0.416667,0.454545,11,5,10,0
809,medium_high,1.000000,1.000000,11,5,10,0
810,medium_high,1.000000,1.000000,11,5,10,0
811,medium_high,0.750000,0.590909,11,5,10,0
812,medium_high,1.000000,1.000000,11,5,10,0
813,medium_high,1.000000,1.000000,11,5,10,0
814,medium_high,0.555556,0.454545,11,5,10,0
815,medium_high,1.000000,1.000000,11,5,10,0
816,medium_high,1.000000,1.000000,11,5,10,0
817,medium_high,1.000000,1.000000,11,5,10,0
818,medium_high,0.750000,0.772727,11,5,10,0
819,medium_high,0.750000,0.772727,11,5,10,0
820,medium_high,0.750000,0.772727,11,5,10,0
821,medium_high,1.000000,1.000000,11,5,10,0
822,medium_high,0.750000,0.590909,11,5,10,0
823,medium_high,1.000000,1.000000,11,5,10,0
824,medium_high,0.333333,0.363636,11,5,10,0
825,medium_high,1.000000,1.000000,11,5,10,0
826,medium_high,1.000000,1.000000,11,5,10,0
827,medium_high,0.750000,0.590909,11,5,10,0
828,medium_high,0.555556,0.590909,11,5,10,0
829,medium_high,0.750000,0.590909,11,5,10,0
830,medium_high,0.555556,0.454545,11,5,10,0
831,medium_high,0.750000,0.590909,11,5,10,0
832,medium_high,1.000000,1.000000,11,5,10,0
833,medium_high,1.000000,0.772727,11,5,10,0
834,medium_high,1.000000,0.772727,11,5,10,0
835,medium_high,1.000000,0.772727,11,5,10,0
836,medium_high,1.000000,0.772727,11,5,10,0
837,medium_high,0.750000,0.772727,11,5,10,0
838,medium_high,1.000000,1.000000,11,5,10,0
839,medium_high,1.000000,0.772727,11,5,10,0
840,medium_high,1.000000,1.000000,11,5,10,0
841,medium_high,1.000000,1.000000,11,5,10,0
842,medium_high,0.750000,0.772727,11,5,10,0
843,medium_high,0.333333,0.318182,11,5,10,0
844,medium_high,0.750000,0.772727,11,5,10,0
845,medium_high,1.000000,1.000000,11,5,10,0
846,medium_high,1.000000,1.000000,11,5,10,0
847,medium_high,0.750000,0.590909,11,5,10,0
848,medium_high,1.000000,0.772727,11,5,10,0
849,medium_high,1.000000,1.000000,11,5,10,0
850,medium_high,1.000000,0.772727,11,5,10,0
851,medium_high,1.000000,1.000000,11,5,10,0
852,medium_high,1.000000,1.000000,11,5,10,0
853,medium_high,1.000000,1.000000,11,5,10,0
854,medium_high,0.750000,0.590909,11,5,10,0
855,medium_high,1.000000,1.000000,11,5,10,0
856,medium_high,1.000000,0.772727,11,5,10,0
857,medium_high,1.000000,1.000000,11,5,10,0
858,medium_high,1.000000,1.000000,11,5,10,0
859,medium_high,1.000000,1.000000,11,5,10,0
860,medium_high,1.000000,0.772727,11,5,10,0
861,medium_high,1.000000,1.000000,11,5,10,0
862,medium_high,1.000000,0.772727,11,5,10,0
863,medium_high,0.750000,0.590909,11,5,10,0
864,medium_high,1.000000,1.000000,11,5,10,0
865,medium_high,1.000000,0.772727,11,5,10,0
866,medium_high,1.000000,1.000000,11,5,10,0
867,medium_high,1.000000,1.000000,11,5,10,0
868,medium_high,1.000000,1.000000,11,5,10,0
869,medium_high,0.750000,0.590909,11,5,10,0
870,medium_high,1.000000,1.000000,11,5,10,0
871,medium_high,1.000000,1.000000,11,5,10,0
872,medium_high,1.000000,0.772727,11,5,10,0
873,medium_high,0.261849,0.253876,11,5,11,0
874,medium_high,0.555556,0.454545,11,5,10,0
875,medium_high,1.000000,1.000000,11,5,10,0
876,medium_high,1.000000,1.000000,11,5,10,0
877,medium_high,0.750000,0.590909,11,5,10,0
878,medium_high,0.750000,0.590909,11,5,10,0
879,medium_high,0.555556,0.454545,11,5,10,0
880,medium_high,0.750000,0.590909,11,5,10,0
881,medium_high,1.000000,1.000000,11,5,10,0
882,medium_high,1.000000,1.000000,11,5,10,0
883,medium_high,0.750000,0.772727,11,5,10,0
884,medium_high,1.000000,0.772727,11,5,10,0
885,medium_high,1.000000,1.000000,11,5,10,0
886,medium_high,0.750000,0.772727,11,5,10,0
887,medium_high,1.000000,1.000000,11,5,10,0
888,medium_high,1.000000,1.000000,11,5,10,0
889,medium_high,1.000000,1.000000,11,5,10,0
890,medium_high,1.000000,1.000000,11,5,10,0
891,medium_high,0.416667,0.454545,11,5,10,0
892,medium_high,1.000000,1.000000,11,5,10,0
893,medium_high,1.000000,1.000000,11,5,10,0
894,medium_high,1.000000,1.000000,11,5,10,0
895,medium_high,1.000000,1.000000,11,5,10,0
896,medium_high,0.555556,0.454545,11,5,10,0
897,medium_high,1.000000,1.000000,11,5,10,0
898,medium_high,0.544974,0.418269,11,5,15,0
899,medium_high,0.750000,0.590909,11,5,10,0
900,medium_high,0.555556,0.590909,11,5,10,0
901,medium_high,0.555556,0.454545,11,5,10,0
902,medium_high,0.416667,0.454545,11,5,10,0
903,medium_high,1.000000,0.772727,11,5,10,0
904,medium_high,0.585770,0.456044,11,5,12,0
905,medium_high,0.555556,0.454545,11,5,10,0
906,medium_high,1.000000,1.000000,11,5,10,0
907,medium_high,1.000000,1.000000,11,5,10,0
908,medium_high,0.750000,0.590909,11,5,10,0
909,medium_high,0.555556,0.454545,11,5,10,0
910,medium_high,0.416667,0.454545,11,5,10,0
911,medium_high,1.000000,1.000000,11,5,10,0
912,medium_high,0.750000,0.772727,11,5,10,0
913,medium_high,0.750000,0.590909,11,5,10,0
914,medium_high,0.750000,0.772727,11,5,10,0
915,medium_high,1.000000,1.000000,11,5,10,0
916,medium_high,1.000000,1.000000,11,5,10,0
917,medium_high,0.750000,0.590909,11,5,10,0
918,medium_high,1.000000,1.000000,11,5,10,0
919,medium_high,1.000000,1.000000,11,5,10,0
920,medium_high,1.000000,1.000000,11,5,10,0
921,medium_high,1.000000,1.000000,11,5,10,0
922,medium_high,1.000000,1.000000,11,5,10,0
923,medium_high,0.593979,0.454955,11,5,17,0
924,medium_high,0.333333,0.318182,11,5,10,0
925,medium_high,0.750000,0.772727,11,5,10,0
926,medium_high,1.000000,1.000000,11,5,10,0
927,medium_high,1.000000,1.000000,11,5,10,0
928,medium_high,1.000000,0.772727,11,5,10,0
929,medium_high,1.000000,1.000000,11,5,10,0
930,medium_high,0.333333,0.363636,11,5,10,0
931,medium_high,0.333333,0.363636,11,5,10,0
932,medium_high,1.000000,1.000000,11,5,10,0
933,medium_high,1.000000,0.772727,11,5,10,0
934,medium_high,1.000000,1.000000,11,5,10,0
935,medium_high,0.555556,0.590909,11,5,10,0
936,medium_high,0.295449,0.233449,11,5,13,0
937,medium_high,1.000000,1.000000,11,5,10,0
938,medium_high,1.000000,1.000000,11,5,10,0
939,medium_high,1.000000,1.000000,11,5,10,0
940,medium_high,1.000000,1.000000,11,5,10,0
941,medium_high,1.000000,1.000000,11,5,10,0
942,medium_high,0.745331,0.575714,11,5,19,0
943,medium_high,0.469049,0.381783,11,5,11,0
944,medium_high,1.000000,1.000000,11,5,10,0
945,medium_high,1.000000,1.000000,11,5,10,0
946,medium_high,0.754902,0.574303,11,5,16,0
947,medium_high,0.750000,0.590909,11,5,10,0
948,medium_high,0.416667,0.363636,11,5,10,0
949,medium_high,0.750000,0.772727,11,5,10,0
950,medium_high,1.000000,0.772727,11,5,10,0
951,medium_high,1.000000,0.772727,11,5,10,0
952,medium_high,1.000000,1.000000,11,5,10,0
953,medium_high,1.000000,0.772727,11,5,10,0
954,medium_high,1.000000,0.772727,11,5,10,0
955,medium_high,1.000000,1.000000,11,5,10,0
956,medium_high,1.000000,1.000000,11,5,10,0
957,medium_high,1.000000,0.772727,11,5,10,0
958,medium_high,1.000000,1.000000,11,5,10,0
959,medium_high,1.000000,1.000000,11,5,10,0
960,medium_high,1.000000,1.000000,11,5,10,0
961,medium_high,1.000000,0.772727,11,5,10,0
962,medium_high,1.000000,1.000000,11,5,10,0
963,medium_high,1.000000,0.772727,11,5,10,0
964,medium_high,1.000000,1.000000,11,5,10,0
965,medium_high,1.000000,1.000000,11,5,10,0
966,medium_high,0.555556,0.454545,11,5,10,0
967,medium_high,1.000000,1.000000,11,5,10,0
968,medium_high,1.000000,1.000000,11,5,10,0
969,medium_high,1.000000,0.772727,11,5,10,0
970,medium_high,0.750000,0.590909,11,5,10,0
971,medium_high,1.000000,1.000000,11,5,10,0
972,medium_high,1.000000,0.772727,11,5,10,0
973,medium_high,1.000000,1.000000,11,5,10,0
974,medium_high,1.000000,0.772727,11,5,10,0
975,medium_high,1.000000,0.772727,11,5,10,0
976,medium_high,0.333333,0.363636,11,5,10,0
977,medium_high,1.000000,0.772727,11,5,10,0
978,medium_high,0.750000,0.590909,11,5,10,0
979,medium_high,1.000000,1.000000,11,5,10,0
980,medium_high,1.000000,1.000000,11,5,10,0
981,medium_high,0.750000,0.590909,11,5,10,0
982,medium_high,0.750000,0.590909,11,5,10,0
983,medium_high,0.415205,0.335165,11,5,12,0
984,medium_high,0.613785,0.471471,11,5,17,0
985,medium_high,1.000000,1.000000,11,5,10,0
986,medium_high,1.000000,1.000000,11,5,10,0
987,medium_high,1.000000,0.772727,11,5,10,0
988,medium_high,1.000000,1.000000,11,5,10,0
989,medium_high,1.000000,1.000000,11,5,10,0
990,medium_high,1.000000,1.000000,11,5,10,0
991,medium_high,1.000000,0.772727,11,5,10,0
992,medium_high,0.555556,0.454545,11,5,10,0
993,medium_high,1.000000,1.000000,11,5,10,0
994,medium_high,0.750000,0.772727,11,5,10,0
995,medium_high,0.305556,0.318182,11,5,10,0
996,medium_high,1.000000,1.000000,11,5,10,0
997,medium_high,1.000000,1.000000,11,5,10,0
998,medium_high,1.000000,1.000000,11,5,10,0
999,medium_high,1.000000,1.000000,11,5,10,0
1000,medium_high,1.000000,1.000000,11,5,10,0
1,low_medium_high,1.000000,0.798535,11,5,10,3
2,low_medium_high,1.000000,0.772727,11,5,10,1
3,low_medium_high,0.750000,0.680233,11,5,10,2
4,low_medium_high,1.000000,0.893411,11,5,10,2
5,low_medium_high,1.000000,1.000000,11,5,10,0
6,low_medium_high,1.000000,0.772727,11,5,10,0
7,low_medium_high,1.000000,1.000000,11,5,10,0
8,low_medium_high,1.000000,1.000000,11,5,10,0
9,low_medium_high,1.000000,0.772727,11,5,10,1
10,low_medium_high,1.000000,0.680233,11,5,10,2
11,low_medium_high,1.000000,0.680233,11,5,10,2
12,low_medium_high,1.000000,0.772727,11,5,10,1
13,low_medium_high,1.000000,0.680233,11,5,10,2
14,low_medium_high,1.000000,0.680233,11,5,10,2
15,low_medium_high,1.000000,0.772727,11,5,10,1
16,low_medium_high,1.000000,1.000000,11,5,10,0
17,low_medium_high,0.469049,0.386760,11,5,11,3
18,low_medium_high,0.555556,0.509690,11,5,10,2
19,low_medium_high,0.750000,0.488372,11,5,10,2
20,low_medium_high,1.000000,0.798535,11,5,10,3
21,low_medium_high,1.000000,0.680233,11,5,10,2
22,low_medium_high,0.555556,0.454545,11,5,10,1
23,low_medium_high,1.000000,0.520906,11,5,10,4
24,low_medium_high,1.000000,0.772727,11,5,10,1
25,low_medium_high,0.750000,0.772727,11,5,10,0
26,low_medium_high,0.750000,0.772727,11,5,10,0
27,low_medium_high,1.000000,1.000000,11,5,10,0
28,low_medium_high,1.000000,0.597070,11,5,10,3
29,low_medium_high,1.000000,0.772727,11,5,10,1
30,low_medium_high,0.750000,0.590909,11,5,10,0
31,low_medium_high,1.000000,1.000000,11,5,10,0
32,low_medium_high,0.333333,0.363636,11,5,10,0
33,low_medium_high,0.750000,0.680233,11,5,10,2
34,low_medium_high,0.555556,0.590909,11,5,10,0
35,low_medium_high,1.000000,1.000000,11,5,10,0
36,low_medium_high,0.333333,0.318182,11,5,10,0
37,low_medium_high,0.333333,0.363636,11,5,10,0
38,low_medium_high,1.000000,0.772727,11,5,10,0
39,low_medium_high,1.000000,1.000000,11,5,10,0
40,low_medium_high,1.000000,0.772727,11,5,10,0
41,low_medium_high,1.000000,0.772727,11,5,10,0
42,low_medium_high,0.750000,0.597070,11,5,10,3
43,low_medium_high,1.000000,0.772727,11,5,10,1
44,low_medium_high,1.000000,0.680233,11,5,10,2
45,low_medium_high,1.000000,1.000000,11,5,10,0
46,low_medium_high,1.000000,1.000000,11,5,10,0
47,low_medium_high,0.750000,0.772727,11,5,10,0
48,low_medium_high,0.469049,0.381783,11,5,11,0
49,low_medium_high,0.555556,0.590909,11,5,10,0
50,low_medium_high,0.220273,0.214286,11,5,12,0
51,low_medium_high,1.000000,0.597070,11,5,10,3
52,low_medium_high,0.750000,0.590909,11,5,10,0
53,low_medium_high,1.000000,1.000000,11,5,10,0
54,low_medium_high,0.735450,0.560000,11,5,14,0
55,low_medium_high,0.222222,0.181818,11,5,10,0
56,low_medium_high,1.000000,1.000000,11,5,10,0
57,low_medium_high,1.000000,1.000000,11,5,10,0
58,low_medium_high,0.555556,0.590909,11,5,10,0
59,low_medium_high,0.555556,0.454545,11,5,10,0
60,low_medium_high,1.000000,0.680233,11,5,10,2
61,low_medium_high,0.527778,0.568182,11,5,10,0
62,low_medium_high,0.750000,0.509690,11,5,10,2
63,low_medium_high,1.000000,0.772727,11,5,10,0
64,low_medium_high,0.416667,0.295455,11,5,10,1
65,low_medium_high,0.361111,0.295455,11,5,10,0
66,low_medium_high,0.750000,0.590909,11,5,10,0
67,low_medium_high,0.750000,0.509690,11,5,10,2
68,low_medium_high,0.555556,0.315018,11,5,10,3
69,low_medium_high,1.000000,0.597070,11,5,10,3
70,low_medium_high,1.000000,1.000000,11,5,10,0
71,low_medium_high,1.000000,0.893411,11,5,10,2
72,low_medium_high,1.000000,0.893411,11,5,10,2
73,low_medium_high,0.416667,0.381783,11,5,10,2
74,low_medium_high,0.650350,0.617216,11,5,11,2
75,low_medium_high,0.750000,0.509690,11,5,10,2
76,low_medium_high,0.752426,0.570571,11,5,17,0
77,low_medium_high,0.805068,0.688333,11,5,12,3
78,low_medium_high,1.000000,0.772727,11,5,10,1
79,low_medium_high,0.555556,0.367596,11,5,10,4
80,low_medium_high,0.555556,0.339147,11,5,10,2
81,low_medium_high,1.000000,0.772727,11,5,10,1
82,low_medium_high,0.235949,0.253876,11,5,11,1
83,low_medium_high,0.750000,0.590909,11,5,10,0
84,low_medium_high,1.000000,1.000000,11,5,10,0
85,low_medium_high,1.000000,0.712544,11,5,10,4
86,low_medium_high,1.000000,0.520906,11,5,10,4
87,low_medium_high,1.000000,1.000000,11,5,10,0
88,low_medium_high,0.555556,0.454545,11,5,10,0
89,low_medium_high,1.000000,0.680233,11,5,10,2
90,low_medium_high,1.000000,0.680233,11,5,10,2
91,low_medium_high,0.750000,0.435897,11,5,10,3
92,low_medium_high,0.750000,0.590909,11,5,10,0
93,low_medium_high,0.555556,0.454545,11,5,10,0
94,low_medium_high,0.750000,0.597070,11,5,10,3
95,low_medium_high,0.750000,0.680233,11,5,10,2
96,low_medium_high,0.750000,0.597070,11,5,10,3
97,low_medium_high,0.750000,0.772727,11,5,10,0
98,low_medium_high,1.000000,1.000000,11,5,10,0
99,low_medium_high,1.000000,0.772727,11,5,10,1
100,low_medium_high,1.000000,1.000000,11,5,10,0
101,low_medium_high,1.000000,1.000000,11,5,10,0
102,low_medium_high,1.000000,0.680233,11,5,10,2
103,low_medium_high,1.000000,1.000000,11,5,10,0
104,low_medium_high,1.000000,0.772727,11,5,10,0
105,low_medium_high,1.000000,1.000000,11,5,10,0
106,low_medium_high,1.000000,0.772727,11,5,10,0
107,low_medium_high,1.000000,0.772727,11,5,10,1
108,low_medium_high,0.305556,0.253876,11,5,10,2
109,low_medium_high,0.750000,0.568182,11,5,10,1
110,low_medium_high,0.650350,0.435897,11,5,11,2
111,low_medium_high,0.750000,0.590909,11,5,10,0
112,low_medium_high,0.555556,0.509690,11,5,10,2
113,low_medium_high,0.750000,0.680233,11,5,10,2
114,low_medium_high,1.000000,0.893411,11,5,10,2
115,low_medium_high,1.000000,1.000000,11,5,10,0
116,low_medium_high,1.000000,1.000000,11,5,10,0
117,low_medium_high,0.750000,0.509690,11,5,10,2
118,low_medium_high,1.000000,0.772727,11,5,10,1
119,low_medium_high,0.171540,0.194139,11,5,12,0
120,low_medium_high,1.000000,0.680233,11,5,10,2
121,low_medium_high,0.555556,0.590909,11,5,10,0
122,low_medium_high,0.750000,0.772727,11,5,10,0
123,low_medium_high,1.000000,0.772727,11,5,10,0
124,low_medium_high,0.750000,0.435897,11,5,10,3
125,low_medium_high,1.000000,0.798535,11,5,10,3
126,low_medium_high,1.000000,0.772727,11,5,10,1
127,low_medium_high,1.000000,0.680233,11,5,10,2
128,low_medium_high,1.000000,1.000000,11,5,10,0
129,low_medium_high,1.000000,0.680233,11,5,10,2
130,low_medium_high,0.305556,0.093407,11,5,10,3
131,low_medium_high,1.000000,0.798535,11,5,10,3
132,low_medium_high,1.000000,0.772727,11,5,10,1
133,low_medium_high,1.000000,0.680233,11,5,10,2
134,low_medium_high,1.000000,1.000000,11,5,10,0
135,low_medium_high,1.000000,0.798535,11,5,10,3
136,low_medium_high,1.000000,0.680233,11,5,10,2
137,low_medium_high,0.333333,0.363636,11,5,10,0
138,low_medium_high,0.555556,0.454545,11,5,10,0
139,low_medium_high,1.000000,0.772727,11,5,10,1
140,low_medium_high,1.000000,0.893411,11,5,10,2
141,low_medium_high,0.305556,0.318182,11,5,10,1
142,low_medium_high,1.000000,1.000000,11,5,10,0
143,low_medium_high,1.000000,0.772727,11,5,10,1
144,low_medium_high,1.000000,0.597070,11,5,10,3
145,low_medium_high,0.305556,0.318182,11,5,10,1
146,low_medium_high,1.000000,0.680233,11,5,10,2
147,low_medium_high,0.339549,0.296512,11,5,11,1
148,low_medium_high,1.000000,1.000000,11,5,10,0
149,low_medium_high,0.333333,0.318182,11,5,10,1
150,low_medium_high,1.000000,0.772727,11,5,10,1
151,low_medium_high,0.132349,0.118467,11,5,11,3
152,low_medium_high,1.000000,0.772727,11,5,10,0
153,low_medium_high,1.000000,0.772727,11,5,10,1
154,low_medium_high,0.235949,0.093407,11,5,11,2
155,low_medium_high,1.000000,0.680233,11,5,10,2
156,low_medium_high,1.000000,0.772727,11,5,10,1
157,low_medium_high,1.000000,0.680233,11,5,10,2
158,low_medium_high,0.305556,0.253876,11,5,10,2
159,low_medium_high,0.250000,0.133700,11,5,10,3
160,low_medium_high,0.750000,0.435897,11,5,10,3
161,low_medium_high,0.555556,0.435897,11,5,10,3
162,low_medium_high,1.000000,0.772727,11,5,10,1
163,low_medium_high,0.138889,0.032967,11,5,10,3
164,low_medium_high,1.000000,0.772727,11,5,10,1
165,low_medium_high,1.000000,0.772727,11,5,10,1
166,low_medium_high,1.000000,0.680233,11,5,10,2
167,low_medium_high,0.305556,0.253876,11,5,10,2
168,low_medium_high,1.000000,0.772727,11,5,10,1
169,low_medium_high,1.000000,0.680233,11,5,10,2
170,low_medium_high,0.750000,0.680233,11,5,10,2
171,low_medium_high,1.000000,1.000000,11,5,10,0
172,low_medium_high,0.750000,0.509690,11,5,10,2
173,low_medium_high,1.000000,1.000000,11,5,10,0
174,low_medium_high,0.555556,0.454545,11,5,10,1
175,low_medium_high,0.750000,0.509690,11,5,10,2
176,low_medium_high,1.000000,0.893411,11,5,10,2
177,low_medium_high,1.000000,1.000000,11,5,10,0
178,low_medium_high,1.000000,0.772727,11,5,10,0
179,low_medium_high,1.000000,1.000000,11,5,10,0
180,low_medium_high,1.000000,1.000000,11,5,10,0
181,low_medium_high,1.000000,0.772727,11,5,10,0
182,low_medium_high,1.000000,1.000000,11,5,10,0
183,low_medium_high,1.000000,1.000000,11,5,10,0
184,low_medium_high,1.000000,1.000000,11,5,10,0
185,low_medium_high,1.000000,1.000000,11,5,10,0
186,low_medium_high,1.000000,1.000000,11,5,10,0
187,low_medium_high,0.555556,0.454545,11,5,10,0
188,low_medium_high,1.000000,1.000000,11,5,10,0
189,low_medium_high,1.000000,1.000000,11,5,10,0
190,low_medium_high,1.000000,1.000000,11,5,10,0
191,low_medium_high,1.000000,1.000000,11,5,10,0
192,low_medium_high,0.750000,0.590909,11,5,10,0
193,low_medium_high,0.750000,0.590909,11,5,10,0
194,low_medium_high,1.000000,1.000000,11,5,10,0
195,low_medium_high,1.000000,1.000000,11,5,10,0
196,low_medium_high,0.650350,0.509690,11,5,11,0
197,low_medium_high,1.000000,1.000000,11,5,10,0
198,low_medium_high,1.000000,1.000000,11,5,10,0
199,low_medium_high,0.750000,0.590909,11,5,10,0
200,low_medium_high,1.000000,1.000000,11,5,10,0
201,low_medium_high,1.000000,1.000000,11,5,10,1
202,low_medium_high,1.000000,1.000000,11,5,10,1
203,low_medium_high,0.750000,0.568182,11,5,10,1
204,low_medium_high,1.000000,1.000000,11,5,10,0
205,low_medium_high,0.750000,0.590909,11,5,10,1
206,low_medium_high,1.000000,1.000000,11,5,10,0
207,low_medium_high,1.000000,0.680233,11,5,10,2
208,low_medium_high,1.000000,1.000000,11,5,10,0
209,low_medium_high,1.000000,0.798535,11,5,10,3
210,low_medium_high,0.555556,0.339147,11,5,10,2
211,low_medium_high,0.750000,0.435897,11,5,10,3
212,low_medium_high,1.000000,1.000000,11,5,10,0
213,low_medium_high,0.555556,0.381783,11,5,10,2
214,low_medium_high,0.750000,0.597070,11,5,10,3
215,low_medium_high,0.750000,0.590909,11,5,10,1
216,low_medium_high,1.000000,1.000000,11,5,10,0
217,low_medium_high,1.000000,0.772727,11,5,10,1
218,low_medium_high,1.000000,0.893411,11,5,10,2
219,low_medium_high,1.000000,0.772727,11,5,10,1
220,low_medium_high,0.333333,0.296512,11,5,10,2
221,low_medium_high,1.000000,0.798535,11,5,10,3
222,low_medium_high,1.000000,0.798535,11,5,10,3
223,low_medium_high,1.000000,0.772727,11,5,10,0
224,low_medium_high,0.555556,0.454545,11,5,10,0
225,low_medium_high,0.333333,0.296512,11,5,10,2
226,low_medium_high,0.342105,0.386760,11,5,12,2
227,low_medium_high,0.750000,0.415751,11,5,10,3
228,low_medium_high,0.356308,0.355714,11,5,17,3
229,low_medium_high,1.000000,0.772727,11,5,10,1
230,low_medium_high,1.000000,0.772727,11,5,10,1
231,low_medium_high,1.000000,1.000000,11,5,10,1
232,low_medium_high,1.000000,1.000000,11,5,10,0
233,low_medium_high,0.555556,0.409091,11,5,10,1
234,low_medium_high,1.000000,0.680233,11,5,10,2
235,low_medium_high,0.333333,0.113553,11,5,10,3
236,low_medium_high,0.750000,0.435897,11,5,10,3
237,low_medium_high,0.750000,0.597070,11,5,10,3
238,low_medium_high,1.000000,0.893411,11,5,10,2
239,low_medium_high,1.000000,0.680233,11,5,10,2
240,low_medium_high,1.000000,0.893411,11,5,10,2
241,low_medium_high,1.000000,1.000000,11,5,10,1
242,low_medium_high,1.000000,0.772727,11,5,10,0
243,low_medium_high,0.222222,0.194139,11,5,10,3
244,low_medium_high,1.000000,0.597070,11,5,10,3
245,low_medium_high,0.333333,0.318182,11,5,10,0
246,low_medium_high,0.555556,0.454545,11,5,10,0
247,low_medium_high,0.750000,0.680233,11,5,10,2
248,low_medium_high,0.750000,0.509690,11,5,10,2
249,low_medium_high,1.000000,1.000000,11,5,10,0
250,low_medium_high,0.750000,0.435897,11,5,10,3
251,low_medium_high,1.000000,0.680233,11,5,10,2
252,low_medium_high,0.750000,0.568182,11,5,10,1
253,low_medium_high,1.000000,0.597070,11,5,10,3
254,low_medium_high,0.333333,0.253876,11,5,10,2
255,low_medium_high,1.000000,1.000000,11,5,10,0
256,low_medium_high,1.000000,0.680233,11,5,10,2
257,low_medium_high,1.000000,0.772727,11,5,10,1
258,low_medium_high,1.000000,1.000000,11,5,10,0
259,low_medium_high,1.000000,0.680233,11,5,10,2
260,low_medium_high,1.000000,0.597070,11,5,10,3
261,low_medium_high,1.000000,0.680233,11,5,10,2
262,low_medium_high,1.000000,0.597070,11,5,10,3
263,low_medium_high,1.000000,0.772727,11,5,10,1
264,low_medium_high,1.000000,0.680233,11,5,10,2
265,low_medium_high,1.000000,0.772727,11,5,10,1
266,low_medium_high,0.750000,0.680233,11,5,10,2
267,low_medium_high,1.000000,0.680233,11,5,10,2
268,low_medium_high,0.750000,0.597070,11,5,10,3
269,low_medium_high,1.000000,0.680233,11,5,10,2
270,low_medium_high,0.555556,0.509690,11,5,10,2
271,low_medium_high,0.416667,0.296512,11,5,10,2
272,low_medium_high,0.650350,0.435897,11,5,11,2
273,low_medium_high,0.555556,0.339147,11,5,10,2
274,low_medium_high,1.000000,0.680233,11,5,10,2
275,low_medium_high,1.000000,0.680233,11,5,10,2
276,low_medium_high,1.000000,0.798535,11,5,10,3
277,low_medium_high,0.750000,0.772727,11,5,10,1
278,low_medium_high,1.000000,1.000000,11,5,10,0
279,low_medium_high,0.416667,0.381783,11,5,10,2
280,low_medium_high,1.000000,0.680233,11,5,10,2
281,low_medium_high,1.000000,0.772727,11,5,10,1
282,low_medium_high,0.750000,0.597070,11,5,10,3
283,low_medium_high,1.000000,0.772727,11,5,10,0
284,low_medium_high,0.750000,0.488372,11,5,10,2
285,low_medium_high,0.305556,0.137631,11,5,10,4
286,low_medium_high,1.000000,1.000000,11,5,10,0
287,low_medium_high,0.555556,0.339147,11,5,10,2
288,low_medium_high,1.000000,0.772727,11,5,10,1
289,low_medium_high,1.000000,0.680233,11,5,10,2
290,low_medium_high,1.000000,0.772727,11,5,10,1
291,low_medium_high,0.555556,0.454545,11,5,10,0
292,low_medium_high,1.000000,0.680233,11,5,10,2
293,low_medium_high,1.000000,1.000000,11,5,10,0
294,low_medium_high,0.416667,0.315018,11,5,10,3
295,low_medium_high,0.555556,0.509690,11,5,10,2
296,low_medium_high,1.000000,0.680233,11,5,10,2
297,low_medium_high,1.000000,0.772727,11,5,10,1
298,low_medium_high,1.000000,0.680233,11,5,10,2
299,low_medium_high,1.000000,0.680233,11,5,10,2
300,low_medium_high,1.000000,0.680233,11,5,10,2
301,low_medium_high,1.000000,0.772727,11,5,10,1
302,low_medium_high,1.000000,1.000000,11,5,10,0
303,low_medium_high,0.750000,0.590909,11,5,10,1
304,low_medium_high,0.416667,0.234432,11,5,10,3
305,low_medium_high,0.555556,0.435897,11,5,10,3
306,low_medium_high,1.000000,0.680233,11,5,10,2
307,low_medium_high,1.000000,0.772727,11,5,10,1
308,low_medium_high,1.000000,0.772727,11,5,10,1
309,low_medium_high,1.000000,0.893411,11,5,10,2
310,low_medium_high,0.750000,0.590909,11,5,10,1
311,low_medium_high,0.555556,0.381783,11,5,10,2
312,low_medium_high,0.750000,0.488372,11,5,10,2
313,low_medium_high,0.750000,0.680233,11,5,10,2
314,low_medium_high,0.555556,0.367596,11,5,10,4
315,low_medium_high,0.555556,0.454545,11,5,10,0
316,low_medium_high,1.000000,0.680233,11,5,10,2
317,low_medium_high,1.000000,1.000000,11,5,10,1
318,low_medium_high,1.000000,0.772727,11,5,10,0
319,low_medium_high,1.000000,0.772727,11,5,10,0
320,low_medium_high,1.000000,0.772727,11,5,10,0
321,low_medium_high,1.000000,0.597070,11,5,10,3
322,low_medium_high,1.000000,0.798535,11,5,10,3
323,low_medium_high,1.000000,0.772727,11,5,10,1
324,low_medium_high,1.000000,0.680233,11,5,10,2
325,low_medium_high,0.750000,0.680233,11,5,10,2
326,low_medium_high,1.000000,0.680233,11,5,10,2
327,low_medium_high,1.000000,0.772727,11,5,10,1
328,low_medium_high,1.000000,0.680233,11,5,10,2
329,low_medium_high,1.000000,0.772727,11,5,10,1
330,low_medium_high,1.000000,0.680233,11,5,10,2
331,low_medium_high,1.000000,0.680233,11,5,10,2
332,low_medium_high,1.000000,0.772727,11,5,10,1
333,low_medium_high,1.000000,0.798535,11,5,10,3
334,low_medium_high,1.000000,0.893411,11,5,10,2
335,low_medium_high,0.305556,0.194139,11,5,10,3
336,low_medium_high,1.000000,0.772727,11,5,10,1
337,low_medium_high,1.000000,0.772727,11,5,10,1
338,low_medium_high,0.750000,0.568182,11,5,10,1
339,low_medium_high,1.000000,0.772727,11,5,10,1
340,low_medium_high,1.000000,0.772727,11,5,10,1
341,low_medium_high,0.555556,0.409091,11,5,10,1
342,low_medium_high,1.000000,0.893411,11,5,10,2
343,low_medium_high,0.333333,0.227273,11,5,10,1
344,low_medium_high,1.000000,1.000000,11,5,10,0
345,low_medium_high,1.000000,1.000000,11,5,10,0
346,low_medium_high,0.750000,0.772727,11,5,10,0
347,low_medium_high,1.000000,0.772727,11,5,10,1
348,low_medium_high,0.555556,0.454545,11,5,10,0
349,low_medium_high,0.650350,0.617216,11,5,11,2
350,low_medium_high,0.750000,0.590909,11,5,10,1
351,low_medium_high,1.000000,1.000000,11,5,10,0
352,low_medium_high,1.000000,1.000000,11,5,10,0
353,low_medium_high,1.000000,0.597070,11,5,10,3
354,low_medium_high,0.361111,0.232558,11,5,10,2
355,low_medium_high,0.555556,0.339147,11,5,10,2
356,low_medium_high,0.750000,0.590909,11,5,10,0
357,low_medium_high,1.000000,0.680233,11,5,10,2
358,low_medium_high,0.416667,0.296512,11,5,10,2
359,low_medium_high,1.000000,0.772727,11,5,10,1
360,low_medium_high,1.000000,0.772727,11,5,10,1
361,low_medium_high,0.750000,0.520906,11,5,10,4
362,low_medium_high,0.555556,0.454545,11,5,10,1
363,low_medium_high,1.000000,0.772727,11,5,10,1
364,low_medium_high,1.000000,0.772727,11,5,10,1
365,low_medium_high,1.000000,0.772727,11,5,10,1
366,low_medium_high,0.750000,0.435897,11,5,10,3
367,low_medium_high,1.000000,0.772727,11,5,10,1
368,low_medium_high,1.000000,0.772727,11,5,10,1
369,low_medium_high,1.000000,0.680233,11,5,10,2
370,low_medium_high,0.555556,0.339147,11,5,10,2
371,low_medium_high,0.750000,0.568182,11,5,10,1
372,low_medium_high,1.000000,0.680233,11,5,10,2
373,low_medium_high,1.000000,0.772727,11,5,10,1
374,low_medium_high,0.750000,0.772727,11,5,10,0
375,low_medium_high,1.000000,0.893411,11,5,10,2
376,low_medium_high,1.000000,1.000000,11,5,10,0
377,low_medium_high,0.537037,0.517544,11,5,18,1
378,low_medium_high,1.000000,0.772727,11,5,10,1
379,low_medium_high,1.000000,0.772727,11,5,10,1
380,low_medium_high,1.000000,0.680233,11,5,10,2
381,low_medium_high,1.000000,0.680233,11,5,10,2
382,low_medium_high,0.194444,0.083333,11,5,10,2
383,low_medium_high,1.000000,0.798535,11,5,10,3
384,low_medium_high,0.555556,0.274725,11,5,10,3
385,low_medium_high,0.111111,0.060976,11,5,10,4
386,low_medium_high,1.000000,1.000000,11,5,10,0
387,low_medium_high,1.000000,0.680233,11,5,10,2
388,low_medium_high,0.416667,0.295455,11,5,10,1
389,low_medium_high,1.000000,0.772727,11,5,10,1
390,low_medium_high,1.000000,0.893411,11,5,10,2
391,low_medium_high,1.000000,1.000000,11,5,10,0
392,low_medium_high,0.750000,0.772727,11,5,10,1
393,low_medium_high,0.555556,0.454545,11,5,10,0
394,low_medium_high,0.555556,0.590909,11,5,10,1
395,low_medium_high,1.000000,1.000000,11,5,10,1
396,low_medium_high,0.416667,0.315018,11,5,10,3
397,low_medium_high,1.000000,1.000000,11,5,10,0
398,low_medium_high,1.000000,0.680233,11,5,10,2
399,low_medium_high,1.000000,1.000000,11,5,10,1
400,low_medium_high,1.000000,1.000000,11,5,10,0
401,low_medium_high,0.750000,0.590909,11,5,10,1
402,low_medium_high,0.750000,0.772727,11,5,10,1
403,low_medium_high,0.555556,0.435897,11,5,10,3
404,low_medium_high,1.000000,1.000000,11,5,10,0
405,low_medium_high,1.000000,0.597070,11,5,10,3
406,low_medium_high,1.000000,0.772727,11,5,10,1
407,low_medium_high,0.555556,0.381783,11,5,10,2
408,low_medium_high,0.087549,0.100962,11,5,13,3
409,low_medium_high,1.000000,0.680233,11,5,10,2
410,low_medium_high,1.000000,0.772727,11,5,10,1
411,low_medium_high,0.261849,0.156794,11,5,11,3
412,low_medium_high,0.750000,0.488372,11,5,10,2
413,low_medium_high,1.000000,0.680233,11,5,10,2
414,low_medium_high,1.000000,0.772727,11,5,10,1
415,low_medium_high,1.000000,0.680233,11,5,10,2
416,low_medium_high,1.000000,0.680233,11,5,10,2
417,low_medium_high,1.000000,0.520906,11,5,10,4
418,low_medium_high,0.555556,0.454545,11,5,10,0
419,low_medium_high,1.000000,0.680233,11,5,10,2
420,low_medium_high,1.000000,0.520906,11,5,10,4
421,low_medium_high,1.000000,0.680233,11,5,10,2
422,low_medium_high,1.000000,0.772727,11,5,10,1
423,low_medium_high,0.416667,0.296512,11,5,10,2
424,low_medium_high,1.000000,0.680233,11,5,10,2
425,low_medium_high,1.000000,0.893411,11,5,10,2
426,low_medium_high,1.000000,0.893411,11,5,10,2
427,low_medium_high,1.000000,0.680233,11,5,10,2
428,low_medium_high,0.416667,0.296512,11,5,10,2
429,low_medium_high,0.555556,0.367596,11,5,10,4
430,low_medium_high,1.000000,0.772727,11,5,10,1
431,low_medium_high,1.000000,1.000000,11,5,10,0
432,low_medium_high,1.000000,0.798535,11,5,10,3
433,low_medium_high,1.000000,1.000000,11,5,10,0
434,low_medium_high,1.000000,1.000000,11,5,10,0
435,low_medium_high,1.000000,0.680233,11,5,10,2
436,low_medium_high,0.555556,0.339147,11,5,10,2
437,low_medium_high,1.000000,1.000000,11,5,10,0
438,low_medium_high,1.000000,0.772727,11,5,10,1
439,low_medium_high,1.000000,0.680233,11,5,10,2
440,low_medium_high,1.000000,0.798535,11,5,10,3
441,low_medium_high,1.000000,0.772727,11,5,10,1
442,low_medium_high,1.000000,0.772727,11,5,10,0
443,low_medium_high,1.000000,0.772727,11,5,10,0
444,low_medium_high,1.000000,1.000000,11,5,10,1
445,low_medium_high,1.000000,0.772727,11,5,10,0
446,low_medium_high,1.000000,0.597070,11,5,10,3
447,low_medium_high,1.000000,0.680233,11,5,10,2
448,low_medium_high,1.000000,0.772727,11,5,10,1
449,low_medium_high,1.000000,0.798535,11,5,10,3
450,low_medium_high,1.000000,1.000000,11,5,10,0
451,low_medium_high,0.750000,0.772727,11,5,10,0
452,low_medium_high,0.333333,0.253876,11,5,10,2
453,low_medium_high,1.000000,1.000000,11,5,10,0
454,low_medium_high,0.555556,0.454545,11,5,10,0
455,low_medium_high,0.613785,0.575714,11,5,17,3
456,low_medium_high,1.000000,0.680233,11,5,10,2
457,low_medium_high,1.000000,0.597070,11,5,10,3
458,low_medium_high,0.750000,0.680233,11,5,10,2
459,low_medium_high,0.750000,0.597070,11,5,10,3
460,low_medium_high,0.416667,0.381783,11,5,10,2
461,low_medium_high,1.000000,1.000000,11,5,10,0
462,low_medium_high,1.000000,1.000000,11,5,10,0
463,low_medium_high,1.000000,1.000000,11,5,10,1
464,low_medium_high,1.000000,0.772727,11,5,10,0
465,low_medium_high,1.000000,0.597070,11,5,10,3
466,low_medium_high,0.555556,0.381783,11,5,10,2
467,low_medium_high,1.000000,1.000000,11,5,10,0
468,low_medium_high,1.000000,0.772727,11,5,10,1
469,low_medium_high,0.339549,0.234432,11,5,11,2
470,low_medium_high,1.000000,0.680233,11,5,10,2
471,low_medium_high,1.000000,0.680233,11,5,10,2
472,low_medium_high,1.000000,0.772727,11,5,10,1
473,low_medium_high,1.000000,0.772727,11,5,10,1
474,low_medium_high,0.750000,0.597070,11,5,10,3
475,low_medium_high,0.750000,0.597070,11,5,10,3
476,low_medium_high,1.000000,0.597070,11,5,10,3
477,low_medium_high,1.000000,0.893411,11,5,10,2
478,low_medium_high,1.000000,1.000000,11,5,10,0
479,low_medium_high,1.000000,0.597070,11,5,10,3
480,low_medium_high,0.750000,0.509690,11,5,10,2
481,low_medium_high,1.000000,0.680233,11,5,10,2
482,low_medium_high,0.555556,0.409091,11,5,10,1
483,low_medium_high,1.000000,0.772727,11,5,10,1
484,low_medium_high,0.750000,0.680233,11,5,10,2
485,low_medium_high,1.000000,1.000000,11,5,10,1
486,low_medium_high,1.000000,1.000000,11,5,10,0
487,low_medium_high,1.000000,0.597070,11,5,10,3
488,low_medium_high,1.000000,0.680233,11,5,10,2
489,low_medium_high,1.000000,0.597070,11,5,10,3
490,low_medium_high,0.750000,0.568182,11,5,10,1
491,low_medium_high,0.555556,0.409091,11,5,10,1
492,low_medium_high,0.210049,0.194139,11,5,11,2
493,low_medium_high,0.750000,0.772727,11,5,10,0
494,low_medium_high,0.750000,0.597070,11,5,10,3
495,low_medium_high,1.000000,0.680233,11,5,10,2
496,low_medium_high,0.750000,0.680233,11,5,10,2
497,low_medium_high,1.000000,1.000000,11,5,10,1
498,low_medium_high,1.000000,1.000000,11,5,10,0
499,low_medium_high,0.750000,0.509690,11,5,10,2
500,low_medium_high,1.000000,1.000000,11,5,10,0
501,low_medium_high,1.000000,1.000000,11,5,10,0
502,low_medium_high,1.000000,0.597070,11,5,10,3
503,low_medium_high,1.000000,0.680233,11,5,10,2
504,low_medium_high,1.000000,0.772727,11,5,10,0
505,low_medium_high,1.000000,0.798535,11,5,10,3
506,low_medium_high,0.416667,0.295455,11,5,10,1
507,low_medium_high,1.000000,0.798535,11,5,10,3
508,low_medium_high,1.000000,0.893411,11,5,10,2
509,low_medium_high,0.750000,0.590909,11,5,10,1
510,low_medium_high,0.750000,0.488372,11,5,10,2
511,low_medium_high,1.000000,0.798535,11,5,10,3
512,low_medium_high,1.000000,0.772727,11,5,10,0
513,low_medium_high,0.750000,0.772727,11,5,10,0
514,low_medium_high,0.750000,0.772727,11,5,10,0
515,low_medium_high,1.000000,1.000000,11,5,10,0
516,low_medium_high,1.000000,0.772727,11,5,10,0
517,low_medium_high,1.000000,1.000000,11,5,10,0
518,low_medium_high,0.416667,0.363636,11,5,10,0
519,low_medium_high,0.333333,0.168605,11,5,10,2
520,low_medium_high,0.750000,0.597070,11,5,10,3
521,low_medium_high,1.000000,0.772727,11,5,10,1
522,low_medium_high,0.750000,0.435897,11,5,10,3
523,low_medium_high,0.750000,0.435897,11,5,10,3
524,low_medium_high,0.555556,0.454545,11,5,10,0
525,low_medium_high,1.000000,1.000000,11,5,10,0
526,low_medium_high,1.000000,0.893411,11,5,10,2
527,low_medium_high,1.000000,0.680233,11,5,10,2
528,low_medium_high,1.000000,1.000000,11,5,10,1
529,low_medium_high,1.000000,0.772727,11,5,10,1
530,low_medium_high,1.000000,0.772727,11,5,10,1
531,low_medium_high,1.000000,1.000000,11,5,10,0
532,low_medium_high,0.555556,0.339147,11,5,10,2
533,low_medium_high,0.750000,0.568182,11,5,10,1
534,low_medium_high,1.000000,0.772727,11,5,10,1
535,low_medium_high,1.000000,0.772727,11,5,10,1
536,low_medium_high,0.555556,0.339147,11,5,10,2
537,low_medium_high,0.416667,0.363636,11,5,10,1
538,low_medium_high,0.305556,0.253876,11,5,10,2
539,low_medium_high,1.000000,0.772727,11,5,10,1
540,low_medium_high,0.750000,0.680233,11,5,10,2
541,low_medium_high,1.000000,1.000000,11,5,10,1
542,low_medium_high,0.750000,0.568182,11,5,10,1
543,low_medium_high,1.000000,0.772727,11,5,10,1
544,low_medium_high,0.750000,0.590909,11,5,10,1
545,low_medium_high,1.000000,0.772727,11,5,10,1
546,low_medium_high,1.000000,0.520906,11,5,10,4
547,low_medium_high,1.000000,0.893411,11,5,10,2
548,low_medium_high,1.000000,0.680233,11,5,10,2
549,low_medium_high,1.000000,0.798535,11,5,10,3
550,low_medium_high,1.000000,0.772727,11,5,10,0
551,low_medium_high,0.361111,0.272727,11,5,10,1
552,low_medium_high,1.000000,1.000000,11,5,10,1
553,low_medium_high,1.000000,0.680233,11,5,10,2
554,low_medium_high,1.000000,0.597070,11,5,10,3
555,low_medium_high,0.250000,0.295455,11,5,10,1
556,low_medium_high,0.750000,0.509690,11,5,10,2
557,low_medium_high,1.000000,0.772727,11,5,10,0
558,low_medium_high,1.000000,1.000000,11,5,10,0
559,low_medium_high,1.000000,0.597070,11,5,10,3
560,low_medium_high,0.305556,0.253876,11,5,10,2
561,low_medium_high,1.000000,0.772727,11,5,10,1
562,low_medium_high,1.000000,0.597070,11,5,10,3
563,low_medium_high,0.750000,0.509690,11,5,10,2
564,low_medium_high,0.555556,0.409091,11,5,10,1
565,low_medium_high,0.750000,0.772727,11,5,10,0
566,low_medium_high,0.750000,0.568182,11,5,10,1
567,low_medium_high,0.750000,0.772727,11,5,10,0
568,low_medium_high,1.000000,0.680233,11,5,10,2
569,low_medium_high,1.000000,0.680233,11,5,10,2
570,low_medium_high,0.750000,0.520906,11,5,10,4
571,low_medium_high,1.000000,1.000000,11,5,10,0
572,low_medium_high,1.000000,0.597070,11,5,10,3
573,low_medium_high,1.000000,0.680233,11,5,10,2
574,low_medium_high,1.000000,0.772727,11,5,10,0
575,low_medium_high,1.000000,0.597070,11,5,10,3
576,low_medium_high,1.000000,0.680233,11,5,10,2
577,low_medium_high,0.750000,0.590909,11,5,10,1
578,low_medium_high,0.138889,0.062016,11,5,10,2
579,low_medium_high,0.416667,0.173993,11,5,10,3
580,low_medium_high,1.000000,0.680233,11,5,10,2
581,low_medium_high,1.000000,0.520906,11,5,10,4
582,low_medium_high,0.305556,0.253876,11,5,10,2
583,low_medium_high,0.750000,0.772727,11,5,10,0
584,low_medium_high,1.000000,1.000000,11,5,10,0
585,low_medium_high,1.000000,0.597070,11,5,10,3
586,low_medium_high,1.000000,0.772727,11,5,10,1
587,low_medium_high,0.555556,0.339147,11,5,10,2
588,low_medium_high,1.000000,0.597070,11,5,10,3
589,low_medium_high,1.000000,1.000000,11,5,10,0
590,low_medium_high,1.000000,0.680233,11,5,10,2
591,low_medium_high,0.305556,0.318182,11,5,10,0
592,low_medium_high,0.555556,0.590909,11,5,10,0
593,low_medium_high,0.750000,0.590909,11,5,10,1
594,low_medium_high,0.750000,0.509690,11,5,10,2
595,low_medium_high,0.750000,0.568182,11,5,10,1
596,low_medium_high,1.000000,0.680233,11,5,10,2
597,low_medium_high,1.000000,0.680233,11,5,10,2
598,low_medium_high,1.000000,0.597070,11,5,10,3
599,low_medium_high,1.000000,1.000000,11,5,10,0
600,low_medium_high,1.000000,0.893411,11,5,10,2
601,low_medium_high,0.750000,0.772727,11,5,10,0
602,low_medium_high,0.750000,0.568182,11,5,10,1
603,low_medium_high,1.000000,1.000000,11,5,10,1
604,low_medium_high,0.750000,0.772727,11,5,10,0
605,low_medium_high,0.527778,0.339147,11,5,10,2
606,low_medium_high,1.000000,0.798535,11,5,10,3
607,low_medium_high,1.000000,0.893411,11,5,10,2
608,low_medium_high,1.000000,0.772727,11,5,10,1
609,low_medium_high,1.000000,0.680233,11,5,10,2
610,low_medium_high,1.000000,1.000000,11,5,10,0
611,low_medium_high,1.000000,0.798535,11,5,10,3
612,low_medium_high,1.000000,0.680233,11,5,10,2
613,low_medium_high,0.555556,0.454545,11,5,10,0
614,low_medium_high,1.000000,0.772727,11,5,10,1
615,low_medium_high,0.351852,0.348485,11,5,20,2
616,low_medium_high,1.000000,0.680233,11,5,10,2
617,low_medium_high,0.333333,0.253876,11,5,10,2
618,low_medium_high,0.750000,0.597070,11,5,10,3
619,low_medium_high,0.416667,0.296512,11,5,10,2
620,low_medium_high,1.000000,1.000000,11,5,10,0
621,low_medium_high,0.750000,0.772727,11,5,10,0
622,low_medium_high,0.750000,0.509690,11,5,10,2
623,low_medium_high,0.750000,0.568182,11,5,10,1
624,low_medium_high,0.750000,0.568182,11,5,10,1
625,low_medium_high,0.750000,0.568182,11,5,10,1
626,low_medium_high,0.750000,0.568182,11,5,10,1
627,low_medium_high,1.000000,0.680233,11,5,10,2
628,low_medium_high,0.555556,0.381783,11,5,10,2
629,low_medium_high,0.305556,0.318182,11,5,10,1
630,low_medium_high,0.416667,0.296512,11,5,10,2
631,low_medium_high,0.750000,0.590909,11,5,10,0
632,low_medium_high,1.000000,1.000000,11,5,10,0
633,low_medium_high,1.000000,1.000000,11,5,10,0
634,low_medium_high,0.555556,0.454545,11,5,10,0
635,low_medium_high,1.000000,0.772727,11,5,10,0
636,low_medium_high,1.000000,0.772727,11,5,10,0
637,low_medium_high,0.527778,0.568182,11,5,10,0
638,low_medium_high,1.000000,1.000000,11,5,10,0
639,low_medium_high,1.000000,1.000000,11,5,10,0
640,low_medium_high,1.000000,1.000000,11,5,10,0
641,low_medium_high,0.305556,0.318182,11,5,10,0
642,low_medium_high,1.000000,1.000000,11,5,10,0
643,low_medium_high,1.000000,0.772727,11,5,10,0
644,low_medium_high,1.000000,1.000000,11,5,10,0
645,low_medium_high,0.134199,0.073370,11,5,22,0
646,low_medium_high,0.750000,0.590909,11,5,10,0
647,low_medium_high,1.000000,1.000000,11,5,10,0
648,low_medium_high,1.000000,1.000000,11,5,10,0
649,low_medium_high,0.735450,0.559295,11,5,15,0
650,low_medium_high,1.000000,1.000000,11,5,10,0
651,low_medium_high,1.000000,1.000000,11,5,10,0
652,low_medium_high,1.000000,0.772727,11,5,10,0
653,low_medium_high,1.000000,1.000000,11,5,10,0
654,low_medium_high,1.000000,1.000000,11,5,10,0
655,low_medium_high,1.000000,1.000000,11,5,10,0
656,low_medium_high,1.000000,0.772727,11,5,10,0
657,low_medium_high,1.000000,0.772727,11,5,10,0
658,low_medium_high,1.000000,1.000000,11,5,10,0
659,low_medium_high,1.000000,1.000000,11,5,10,0
660,low_medium_high,1.000000,1.000000,11,5,10,0
661,low_medium_high,0.555556,0.454545,11,5,10,0
662,low_medium_high,1.000000,1.000000,11,5,10,0
663,low_medium_high,1.000000,1.000000,11,5,10,0
664,low_medium_high,1.000000,1.000000,11,5,10,0
665,low_medium_high,1.000000,1.000000,11,5,10,0
666,low_medium_high,0.750000,0.590909,11,5,10,0
667,low_medium_high,0.613785,0.471471,11,5,17,0
668,low_medium_high,1.000000,1.000000,11,5,10,0
669,low_medium_high,1.000000,0.772727,11,5,10,0
670,low_medium_high,1.000000,1.000000,11,5,10,0
671,low_medium_high,0.333333,0.363636,11,5,10,0
672,low_medium_high,1.000000,1.000000,11,5,10,0
673,low_medium_high,0.555556,0.590909,11,5,10,0
674,low_medium_high,0.416667,0.454545,11,5,10,0
675,low_medium_high,1.000000,1.000000,11,5,10,0
676,low_medium_high,0.750000,0.772727,11,5,10,0
677,low_medium_high,1.000000,1.000000,11,5,10,0
678,low_medium_high,1.000000,0.772727,11,5,10,0
679,low_medium_high,1.000000,1.000000,11,5,10,0
680,low_medium_high,1.000000,1.000000,11,5,10,0
681,low_medium_high,1.000000,0.772727,11,5,10,0
682,low_medium_high,0.416667,0.363636,11,5,10,0
683,low_medium_high,0.555556,0.590909,11,5,10,0
684,low_medium_high,0.555556,0.590909,11,5,10,0
685,low_medium_high,0.750000,0.590909,11,5,10,0
686,low_medium_high,1.000000,1.000000,11,5,10,0
687,low_medium_high,1.000000,1.000000,11,5,10,0
688,low_medium_high,1.000000,1.000000,11,5,10,0
689,low_medium_high,1.000000,1.000000,11,5,10,0
690,low_medium_high,0.527778,0.568182,11,5,10,0
691,low_medium_high,1.000000,1.000000,11,5,10,0
692,low_medium_high,1.000000,0.772727,11,5,10,0
693,low_medium_high,0.333333,0.318182,11,5,10,0
694,low_medium_high,0.555556,0.590909,11,5,10,0
695,low_medium_high,0.544974,0.418269,11,5,15,0
696,low_medium_high,0.333333,0.363636,11,5,10,0
697,low_medium_high,0.750000,0.772727,11,5,10,0
698,low_medium_high,1.000000,0.772727,11,5,10,0
699,low_medium_high,1.000000,1.000000,11,5,10,0
700,low_medium_high,1.000000,0.772727,11,5,10,0
701,low_medium_high,1.000000,1.000000,11,5,10,0
702,low_medium_high,1.000000,1.000000,11,5,10,0
703,low_medium_high,1.000000,1.000000,11,5,10,0
704,low_medium_high,0.750000,0.772727,11,5,10,0
705,low_medium_high,0.750000,0.772727,11,5,10,0
706,low_medium_high,1.000000,1.000000,11,5,10,0
707,low_medium_high,0.555556,0.590909,11,5,10,0
708,low_medium_high,1.000000,1.000000,11,5,10,0
709,low_medium_high,0.750000,0.772727,11,5,10,0
710,low_medium_high,1.000000,1.000000,11,5,10,0
711,low_medium_high,1.000000,0.772727,11,5,10,0
712,low_medium_high,1.000000,1.000000,11,5,10,0
713,low_medium_high,1.000000,1.000000,11,5,10,0
714,low_medium_high,0.555556,0.590909,11,5,10,0
715,low_medium_high,1.000000,0.772727,11,5,10,0
716,low_medium_high,1.000000,1.000000,11,5,10,0
717,low_medium_high,1.000000,0.772727,11,5,10,0
718,low_medium_high,1.000000,1.000000,11,5,10,0
719,low_medium_high,0.291005,0.241987,11,5,15,0
720,low_medium_high,1.000000,1.000000,11,5,10,0
721,low_medium_high,0.305556,0.318182,11,5,10,0
722,low_medium_high,1.000000,0.772727,11,5,10,0
723,low_medium_high,1.000000,1.000000,11,5,10,0
724,low_medium_high,1.000000,1.000000,11,5,10,0
725,low_medium_high,0.416667,0.454545,11,5,10,0
726,low_medium_high,0.555556,0.454545,11,5,10,0
727,low_medium_high,0.750000,0.772727,11,5,10,0
728,low_medium_high,1.000000,1.000000,11,5,10,0
729,low_medium_high,1.000000,1.000000,11,5,10,0
730,low_medium_high,0.555556,0.590909,11,5,10,0
731,low_medium_high,0.333333,0.318182,11,5,10,0
732,low_medium_high,0.750000,0.772727,11,5,10,0
733,low_medium_high,0.750000,0.772727,11,5,10,0
734,low_medium_high,0.750000,0.590909,11,5,10,0
735,low_medium_high,1.000000,1.000000,11,5,10,0
736,low_medium_high,0.750000,0.590909,11,5,10,0
737,low_medium_high,1.000000,1.000000,11,5,10,0
738,low_medium_high,0.750000,0.590909,11,5,10,0
739,low_medium_high,0.650350,0.509690,11,5,11,0
740,low_medium_high,1.000000,1.000000,11,5,10,0
741,low_medium_high,1.000000,1.000000,11,5,10,0
742,low_medium_high,1.000000,1.000000,11,5,10,0
743,low_medium_high,0.750000,0.590909,11,5,10,0
744,low_medium_high,0.750000,0.590909,11,5,10,0
745,low_medium_high,0.305556,0.318182,11,5,10,0
746,low_medium_high,1.000000,0.772727,11,5,10,0
747,low_medium_high,0.613785,0.471471,11,5,17,0
748,low_medium_high,0.305556,0.318182,11,5,10,0
749,low_medium_high,1.000000,0.772727,11,5,10,0
750,low_medium_high,1.000000,0.772727,11,5,10,0
751,low_medium_high,1.000000,1.000000,11,5,10,0
752,low_medium_high,1.000000,1.000000,11,5,10,0
753,low_medium_high,0.416667,0.363636,11,5,10,0
754,low_medium_high,0.333333,0.363636,11,5,10,0
755,low_medium_high,1.000000,1.000000,11,5,10,0
756,low_medium_high,1.000000,1.000000,11,5,10,0
757,low_medium_high,0.750000,0.772727,11,5,10,0
758,low_medium_high,0.555556,0.590909,11,5,10,0
759,low_medium_high,0.750000,0.772727,11,5,10,0
760,low_medium_high,0.416667,0.363636,11,5,10,0
761,low_medium_high,0.555556,0.590909,11,5,10,0
762,low_medium_high,1.000000,1.000000,11,5,10,0
763,low_medium_high,1.000000,1.000000,11,5,10,0
764,low_medium_high,1.000000,1.000000,11,5,10,0
765,low_medium_high,0.555556,0.454545,11,5,10,0
766,low_medium_high,0.750000,0.772727,11,5,10,0
767,low_medium_high,0.750000,0.772727,11,5,10,0
768,low_medium_high,1.000000,0.772727,11,5,10,0
769,low_medium_high,1.000000,1.000000,11,5,10,0
770,low_medium_high,0.750000,0.590909,11,5,10,0
771,low_medium_high,1.000000,1.000000,11,5,10,0
772,low_medium_high,1.000000,1.000000,11,5,10,0
773,low_medium_high,1.000000,0.772727,11,5,10,0
774,low_medium_high,1.000000,1.000000,11,5,10,0
775,low_medium_high,0.672068,0.517544,11,5,18,0
776,low_medium_high,1.000000,0.772727,11,5,10,0
777,low_medium_high,1.000000,1.000000,11,5,10,0
778,low_medium_high,0.750000,0.590909,11,5,10,0
779,low_medium_high,1.000000,0.772727,11,5,10,0
780,low_medium_high,0.555556,0.454545,11,5,10,0
781,low_medium_high,0.333333,0.363636,11,5,10,0
782,low_medium_high,0.750000,0.772727,11,5,10,0
783,low_medium_high,1.000000,1.000000,11,5,10,0
784,low_medium_high,0.750000,0.590909,11,5,10,0
785,low_medium_high,1.000000,1.000000,11,5,10,0
786,low_medium_high,1.000000,1.000000,11,5,10,0
787,low_medium_high,1.000000,1.000000,11,5,10,0
788,low_medium_high,1.000000,1.000000,11,5,10,0
789,low_medium_high,1.000000,0.772727,11,5,10,0
790,low_medium_high,0.555556,0.454545,11,5,10,0
791,low_medium_high,1.000000,1.000000,11,5,10,0
792,low_medium_high,1.000000,1.000000,11,5,10,0
793,low_medium_high,1.000000,1.000000,11,5,10,0
794,low_medium_high,1.000000,1.000000,11,5,10,0
795,low_medium_high,1.000000,1.000000,11,5,10,0
796,low_medium_high,0.750000,0.590909,11,5,10,0
797,low_medium_high,1.000000,1.000000,11,5,10,0
798,low_medium_high,0.750000,0.590909,11,5,10,0
799,low_medium_high,0.750000,0.590909,11,5,10,0
800,low_medium_high,1.000000,1.000000,11,5,10,0
801,low_medium_high,1.000000,1.000000,11,5,10,0
802,low_medium_high,1.000000,1.000000,11,5,10,0
803,low_medium_high,1.000000,1.000000,11,5,10,0
804,low_medium_high,0.416667,0.363636,11,5,10,0
805,low_medium_high,1.000000,1.000000,11,5,10,0
806,low_medium_high,1.000000,1.000000,11,5,10,0
807,low_medium_high,1.000000,1.000000,11,5,10,0
808,low_medium_high,0.416667,0.454545,11,5,10,0
809,low_medium_high,1.000000,1.000000,11,5,10,0
810,low_medium_high,1.000000,1.000000,11,5,10,0
811,low_medium_high,0.750000,0.590909,11,5,10,0
812,low_medium_high,1.000000,1.000000,11,5,10,0
813,low_medium_high,1.000000,1.000000,11,5,10,0
814,low_medium_high,0.555556,0.454545,11,5,10,0
815,low_medium_high,1.000000,1.000000,11,5,10,0
816,low_medium_high,1.000000,1.000000,11,5,10,0
817,low_medium_high,1.000000,1.000000,11,5,10,0
818,low_medium_high,0.750000,0.772727,11,5,10,0
819,low_medium_high,0.750000,0.772727,11,5,10,0
820,low_medium_high,0.750000,0.772727,11,5,10,0
821,low_medium_high,1.000000,1.000000,11,5,10,0
822,low_medium_high,0.750000,0.590909,11,5,10,0
823,low_medium_high,1.000000,1.000000,11,5,10,0
824,low_medium_high,0.333333,0.363636,11,5,10,0
825,low_medium_high,1.000000,1.000000,11,5,10,0
826,low_medium_high,1.000000,1.000000,11,5,10,0
827,low_medium_high,0.750000,0.590909,11,5,10,0
828,low_medium_high,0.555556,0.590909,11,5,10,0
829,low_medium_high,0.750000,0.590909,11,5,10,0
830,low_medium_high,0.555556,0.454545,11,5,10,0
831,low_medium_high,0.750000,0.590909,11,5,10,0
832,low_medium_high,1.000000,1.000000,11,5,10,0
833,low_medium_high,1.000000,0.772727,11,5,10,0
834,low_medium_high,1.000000,0.772727,11,5,10,0
835,low_medium_high,1.000000,0.772727,11,5,10,0
836,low_medium_high,1.000000,0.772727,11,5,10,0
837,low_medium_high,0.750000,0.772727,11,5,10,0
838,low_medium_high,1.000000,1.000000,11,5,10,0
839,low_medium_high,1.000000,0.772727,11,5,10,0
840,low_medium_high,1.000000,1.000000,11,5,10,0
841,low_medium_high,1.000000,1.000000,11,5,10,0
842,low_medium_high,0.750000,0.772727,11,5,10,0
843,low_medium_high,0.333333,0.318182,11,5,10,0
844,low_medium_high,0.750000,0.772727,11,5,10,0
845,low_medium_high,1.000000,1.000000,11,5,10,0
846,low_medium_high,1.000000,1.000000,11,5,10,0
847,low_medium_high,0.750000,0.590909,11,5,10,0
848,low_medium_high,1.000000,0.772727,11,5,10,0
849,low_medium_high,1.000000,1.000000,11,5,10,0
850,low_medium_high,1.000000,0.772727,11,5,10,0
851,low_medium_high,1.000000,1.000000,11,5,10,0
852,low_medium_high,1.000000,1.000000,11,5,10,0
853,low_medium_high,1.000000,1.000000,11,5,10,0
854,low_medium_high,0.750000,0.590909,11,5,10,0
855,low_medium_high,1.000000,1.000000,11,5,10,0
856,low_medium_high,1.000000,0.772727,11,5,10,0
857,low_medium_high,1.000000,1.000000,11,5,10,0
858,low_medium_high,1.000000,1.000000,11,5,10,0
859,low_medium_high,1.000000,1.000000,11,5,10,0
860,low_medium_high,1.000000,0.772727,11,5,10,0
861,low_medium_high,1.000000,1.000000,11,5,10,0
862,low_medium_high,1.000000,0.772727,11,5,10,0
863,low_medium_high,0.750000,0.590909,11,5,10,0
864,low_medium_high,1.000000,1.000000,11,5,10,0
865,low_medium_high,1.000000,0.772727,11,5,10,0
866,low_medium_high,1.000000,1.000000,11,5,10,0
867,low_medium_high,1.000000,1.000000,11,5,10,0
868,low_medium_high,1.000000,1.000000,11,5,10,0
869,low_medium_high,0.750000,0.590909,11,5,10,0
870,low_medium_high,1.000000,1.000000,11,5,10,0
871,low_medium_high,1.000000,1.000000,11,5,10,0
872,low_medium_high,1.000000,0.772727,11,5,10,0
873,low_medium_high,0.261849,0.253876,11,5,11,0
874,low_medium_high,0.555556,0.454545,11,5,10,0
875,low_medium_high,1.000000,1.000000,11,5,10,0
876,low_medium_high,1.000000,1.000000,11,5,10,0
877,low_medium_high,0.750000,0.590909,11,5,10,0
878,low_medium_high,0.750000,0.590909,11,5,10,0
879,low_medium_high,0.555556,0.454545,11,5,10,0
880,low_medium_high,0.750000,0.590909,11,5,10,0
881,low_medium_high,1.000000,1.000000,11,5,10,0
882,low_medium_high,1.000000,1.000000,11,5,10,0
883,low_medium_high,0.750000,0.772727,11,5,10,0
884,low_medium_high,1.000000,0.772727,11,5,10,0
885,low_medium_high,1.000000,1.000000,11,5,10,0
886,low_medium_high,0.750000,0.772727,11,5,10,0
887,low_medium_high,1.000000,1.000000,11,5,10,0
888,low_medium_high,1.000000,1.000000,11,5,10,0
889,low_medium_high,1.000000,1.000000,11,5,10,0
890,low_medium_high,1.000000,1.000000,11,5,10,0
891,low_medium_high,0.416667,0.454545,11,5,10,0
892,low_medium_high,1.000000,1.000000,11,5,10,0
893,low_medium_high,1.000000,1.000000,11,5,10,0
894,low_medium_high,1.000000,1.000000,11,5,10,0
895,low_medium_high,1.000000,1.000000,11,5,10,0
896,low_medium_high,0.555556,0.454545,11,5,10,0
897,low_medium_high,1.000000,1.000000,11,5,10,0
898,low_medium_high,0.544974,0.418269,11,5,15,0
899,low_medium_high,0.750000,0.590909,11,5,10,0
900,low_medium_high,0.555556,0.590909,11,5,10,0
901,low_medium_high,0.555556,0.454545,11,5,10,0
902,low_medium_high,0.416667,0.454545,11,5,10,0
903,low_medium_high,1.000000,0.772727,11,5,10,0
904,low_medium_high,0.585770,0.456044,11,5,12,0
905,low_medium_high,0.555556,0.454545,11,5,10,0
906,low_medium_high,1.000000,1.000000,11,5,10,0
907,low_medium_high,1.000000,1.000000,11,5,10,0
908,low_medium_high,0.750000,0.590909,11,5,10,0
909,low_medium_high,0.555556,0.454545,11,5,10,0
910,low_medium_high,0.416667,0.454545,11,5,10,0
911,low_medium_high,1.000000,1.000000,11,5,10,0
912,low_medium_high,0.750000,0.772727,11,5,10,0
913,low_medium_high,0.750000,0.590909,11,5,10,0
914,low_medium_high,0.750000,0.772727,11,5,10,0
915,low_medium_high,1.000000,1.000000,11,5,10,0
916,low_medium_high,1.000000,1.000000,11,5,10,0
917,low_medium_high,0.750000,0.590909,11,5,10,0
918,low_medium_high,1.000000,1.000000,11,5,10,0
919,low_medium_high,1.000000,1.000000,11,5,10,0
920,low_medium_high,1.000000,1.000000,11,5,10,0
921,low_medium_high,1.000000,1.000000,11,5,10,0
922,low_medium_high,1.000000,1.000000,11,5,10,0
923,low_medium_high,0.593979,0.454955,11,5,17,0
924,low_medium_high,0.333333,0.318182,11,5,10,0
925,low_medium_high,0.750000,0.772727,11,5,10,0
926,low_medium_high,1.000000,1.000000,11,5,10,0
927,low_medium_high,1.000000,1.000000,11,5,10,0
928,low_medium_high,1.000000,0.772727,11,5,10,0
929,low_medium_high,1.000000,1.000000,11,5,10,0
930,low_medium_high,0.333333,0.363636,11,5,10,0
931,low_medium_high,0.333333,0.363636,11,5,10,0
932,low_medium_high,1.000000,1.000000,11,5,10,0
933,low_medium_high,1.000000,0.772727,11,5,10,0
934,low_medium_high,1.000000,1.000000,11,5,10,0
935,low_medium_high,0.555556,0.590909,11,5,10,0
936,low_medium_high,0.295449,0.233449,11,5,13,0
937,low_medium_high,1.000000,1.000000,11,5,10,0
938,low_medium_high,1.000000,1.000000,11,5,10,0
939,low_medium_high,1.000000,1.000000,11,5,10,0
940,low_medium_high,1.000000,1.000000,11,5,10,0
941,low_medium_high,1.000000,1.000000,11,5,10,0
942,low_medium_high,0.745331,0.575714,11,5,19,0
943,low_medium_high,0.469049,0.381783,11,5,11,0
944,low_medium_high,1.000000,1.000000,11,5,10,0
945,low_medium_high,1.000000,1.000000,11,5,10,0
946,low_medium_high,0.754902,0.574303,11,5,16,0
947,low_medium_high,0.750000,0.590909,11,5,10,0
948,low_medium_high,0.416667,0.363636,11,5,10,0
949,low_medium_high,0.750000,0.772727,11,5,10,0
950,low_medium_high,1.000000,0.772727,11,5,10,0
951,low_medium_high,1.000000,0.772727,11,5,10,0
952,low_medium_high,1.000000,1.000000,11,5,10,0
953,low_medium_high,1.000000,0.772727,11,5,10,0
954,low_medium_high,1.000000,0.772727,11,5,10,0
955,low_medium_high,1.000000,1.000000,11,5,10,0
956,low_medium_high,1.000000,1.000000,11,5,10,0
957,low_medium_high,1.000000,0.772727,11,5,10,0
958,low_medium_high,1.000000,1.000000,11,5,10,0
959,low_medium_high,1.000000,1.000000,11,5,10,0
960,low_medium_high,1.000000,1.000000,11,5,10,0
961,low_medium_high,1.000000,0.772727,11,5,10,0
962,low_medium_high,1.000000,1.000000,11,5,10,0
963,low_medium_high,1.000000,0.772727,11,5,10,0
964,low_medium_high,1.000000,1.000000,11,5,10,0
965,low_medium_high,1.000000,1.000000,11,5,10,0
966,low_medium_high,0.555556,0.454545,11,5,10,0
967,low_medium_high,1.000000,1.000000,11,5,10,0
968,low_medium_high,1.000000,1.000000,11,5,10,0
969,low_medium_high,1.000000,0.772727,11,5,10,0
970,low_medium_high,0.750000,0.590909,11,5,10,0
971,low_medium_high,1.000000,1.000000,11,5,10,0
972,low_medium_high,1.000000,0.772727,11,5,10,0
973,low_medium_high,1.000000,1.000000,11,5,10,0
974,low_medium_high,1.000000,0.772727,11,5,10,0
975,low_medium_high,1.000000,0.772727,11,5,10,0
976,low_medium_high,0.333333,0.363636,11,5,10,0
977,low_medium_high,1.000000,0.772727,11,5,10,0
978,low_medium_high,0.750000,0.590909,11,5,10,0
979,low_medium_high,1.000000,1.000000,11,5,10,0
980,low_medium_high,1.000000,1.000000,11,5,10,0
981,low_medium_high,0.750000,0.590909,11,5,10,0
982,low_medium_high,0.750000,0.590909,11,5,10,0
983,low_medium_high,0.415205,0.335165,11,5,12,0
984,low_medium_high,0.613785,0.471471,11,5,17,0
985,low_medium_high,1.000000,1.000000,11,5,10,0
986,low_medium_high,1.000000,1.000000,11,5,10,0
987,low_medium_high,1.000000,0.772727,11,5,10,0
988,low_medium_high,1.000000,1.000000,11,5,10,0
989,low_medium_high,1.000000,1.000000,11,5,10,0
990,low_medium_high,1.000000,1.000000,11,5,10,0
991,low_medium_high,1.000000,0.772727,11,5,10,0
992,low_medium_high,0.555556,0.454545,11,5,10,0
993,low_medium_high,1.000000,1.000000,11,5,10,0
994,low_medium_high,0.750000,0.772727,11,5,10,0
995,low_medium_high,0.305556,0.318182,11,5,10,0
996,low_medium_high,1.000000,1.000000,11,5,10,0
997,low_medium_high,1.000000,1.000000,11,5,10,0
998,low_medium_high,1.000000,1.000000,11,5,10,0
999,low_medium_high,1.000000,1.000000,11,5,10,0
1000,low_medium_high,1.000000,1.000000,11,5,10,0
